filename,title,description,keywords,Editorial,Mature Content,Illustration,Categories
C6C2156A-E8DF-4082-B431-7133045A815F.jpg,Abstract in Japan,"Editorial use only. This image shows abstract in Japan, taken on 2024-09-01.","abstract, Japan, editorial, abstract in Japan",Yes,No,No,Abstract
IMG_1917.HEIC.jpg,Abstract in Japan,"Editorial use only. This image shows abstract in Japan, taken on 2024-09-01.","abstract, Japan, editorial, abstract in Japan",Yes,No,No,Abstract
IMG_1918.HEIC.jpg,Abstract in Japan,"Editorial use only. This image shows abstract in Japan, taken on 2024-09-01.","abstract, Japan, editorial, abstract in Japan",Yes,No,No,Abstract
IMG_1919.HEIC.jpg,Abstract in Japan,"Editorial use only. This image shows abstract in Japan, taken on 2024-09-01.","abstract, Japan, editorial, abstract in Japan",Yes,No,No,Abstract
IMG_2778.HEIC.jpg,Abstract in Japan,"Editorial use only. This image shows abstract in Japan, taken on 2024-09-01.","abstract, Japan, editorial, abstract in Japan",Yes,No,No,Abstract
IMG_2779.HEIC.jpg,Abstract in Japan,"Editorial use only. This image shows abstract in Japan, taken on 2024-09-01.","abstract, Japan, editorial, abstract in Japan",Yes,No,No,Abstract
PXL_20240818_031412283.LONG_EXPOSURE-01.COVER.jpg,Abstract in Japan,"Editorial use only. This image shows abstract in Japan, taken on 2024-09-01.","abstract, Japan, editorial, abstract in Japan",Yes,No,No,Abstract
PXL_20240824_080948290.MP.jpg,Abstract in Japan,"Editorial use only. This image shows abstract in Japan, taken on 2024-09-01.","abstract, Japan, editorial, abstract in Japan",Yes,No,No,Abstract
PXL_20240824_084533478.LONG_EXPOSURE-01.COVER.jpg,Abstract in Japan,"Editorial use only. This image shows abstract in Japan, taken on 2024-09-01.","abstract, Japan, editorial, abstract in Japan",Yes,No,No,Abstract
PXL_20240825_033228327.MP.jpg,Abstract in Japan,"Editorial use only. This image shows abstract in Japan, taken on 2024-09-01.","abstract, Japan, editorial, abstract in Japan",Yes,No,No,Abstract
PXL_20240828_085401037.jpg,Abstract in Japan,"Editorial use only. This image shows abstract in Japan, taken on 2024-09-01.","abstract, Japan, editorial, abstract in Japan",Yes,No,No,Abstract
IMG_20240426_135751_616.jpg,Airplane in Japan,"Editorial use only. This image shows airplane in Japan, taken on 2024-09-01.","airplane, Japan, editorial, airplane in Japan",Yes,No,No,Transportation
IMG_20240426_135753_865.jpg,Airplane in Japan,"Editorial use only. This image shows airplane in Japan, taken on 2024-09-01.","airplane, Japan, editorial, airplane in Japan",Yes,No,No,Transportation
IMG_20240426_161616_196.jpg,Airplane in Japan,"Editorial use only. This image shows airplane in Japan, taken on 2024-09-01.","airplane, Japan, editorial, airplane in Japan",Yes,No,No,Transportation
IMG_20240426_161618_208.jpg,Airplane in Japan,"Editorial use only. This image shows airplane in Japan, taken on 2024-09-01.","airplane, Japan, editorial, airplane in Japan",Yes,No,No,Transportation
IMG_20240426_161619_760.jpg,Airplane in Japan,"Editorial use only. This image shows airplane in Japan, taken on 2024-09-01.","airplane, Japan, editorial, airplane in Japan",Yes,No,No,Transportation
IMG_20240426_162042_610.jpg,Airplane in Japan,"Editorial use only. This image shows airplane in Japan, taken on 2024-09-01.","airplane, Japan, editorial, airplane in Japan",Yes,No,No,Transportation
IMG_2410.HEIC.jpg,Airplane in Japan,"Editorial use only. This image shows airplane in Japan, taken on 2024-09-01.","airplane, Japan, editorial, airplane in Japan",Yes,No,No,Transportation
IMG_2411.HEIC.jpg,Airplane in Japan,"Editorial use only. This image shows airplane in Japan, taken on 2024-09-01.","airplane, Japan, editorial, airplane in Japan",Yes,No,No,Transportation
IMG_2412.HEIC.jpg,Airplane in Japan,"Editorial use only. This image shows airplane in Japan, taken on 2024-09-01.","airplane, Japan, editorial, airplane in Japan",Yes,No,No,Transportation
IMG_2417.HEIC.jpg,Airplane in Japan,"Editorial use only. This image shows airplane in Japan, taken on 2024-09-01.","airplane, Japan, editorial, airplane in Japan",Yes,No,No,Transportation
IMG_2420.HEIC.jpg,Airplane in Japan,"Editorial use only. This image shows airplane in Japan, taken on 2024-09-01.","airplane, Japan, editorial, airplane in Japan",Yes,No,No,Transportation
IMG_2421.HEIC.jpg,Airplane in Japan,"Editorial use only. This image shows airplane in Japan, taken on 2024-09-01.","airplane, Japan, editorial, airplane in Japan",Yes,No,No,Transportation
IMG_2645.HEIC.jpg,Airplane in Japan,"Editorial use only. This image shows airplane in Japan, taken on 2024-09-01.","airplane, Japan, editorial, airplane in Japan",Yes,No,No,Transportation
IMG_2648.HEIC.jpg,Airplane in Japan,"Editorial use only. This image shows airplane in Japan, taken on 2024-09-01.","airplane, Japan, editorial, airplane in Japan",Yes,No,No,Transportation
IMG_2650.HEIC.jpg,Airplane in Japan,"Editorial use only. This image shows airplane in Japan, taken on 2024-09-01.","airplane, Japan, editorial, airplane in Japan",Yes,No,No,Transportation
IMG_2652.HEIC.jpg,Airplane in Japan,"Editorial use only. This image shows airplane in Japan, taken on 2024-09-01.","airplane, Japan, editorial, airplane in Japan",Yes,No,No,Transportation
IMG_2821.HEIC.jpg,Airplane in Japan,"Editorial use only. This image shows airplane in Japan, taken on 2024-09-01.","airplane, Japan, editorial, airplane in Japan",Yes,No,No,Transportation
IMG_2822.HEIC.jpg,Airplane in Japan,"Editorial use only. This image shows airplane in Japan, taken on 2024-09-01.","airplane, Japan, editorial, airplane in Japan",Yes,No,No,Transportation
IMG_2823.HEIC.jpg,Airplane in Japan,"Editorial use only. This image shows airplane in Japan, taken on 2024-09-01.","airplane, Japan, editorial, airplane in Japan",Yes,No,No,Transportation
IMG_3229.HEIC.jpg,Airplane in Japan,"Editorial use only. This image shows airplane in Japan, taken on 2024-09-01.","airplane, Japan, editorial, airplane in Japan",Yes,No,No,Transportation
IMG_3230.HEIC.jpg,Airplane in Japan,"Editorial use only. This image shows airplane in Japan, taken on 2024-09-01.","airplane, Japan, editorial, airplane in Japan",Yes,No,No,Transportation
IMG_3231.HEIC.jpg,Airplane in Japan,"Editorial use only. This image shows airplane in Japan, taken on 2024-09-01.","airplane, Japan, editorial, airplane in Japan",Yes,No,No,Transportation
IMG_3232.HEIC.jpg,Airplane in Japan,"Editorial use only. This image shows airplane in Japan, taken on 2024-09-01.","airplane, Japan, editorial, airplane in Japan",Yes,No,No,Transportation
IMG_3246.HEIC.jpg,Airplane in Japan,"Editorial use only. This image shows airplane in Japan, taken on 2024-09-01.","airplane, Japan, editorial, airplane in Japan",Yes,No,No,Transportation
IMG_0236.HEIC.jpg,Animal in Japan,"Editorial use only. This image shows animal in Japan, taken on 2024-09-01.","animal, Japan, editorial, animal in Japan",Yes,No,No,Animal
IMG_0238.HEIC.jpg,Animal in Japan,"Editorial use only. This image shows animal in Japan, taken on 2024-09-01.","animal, Japan, editorial, animal in Japan",Yes,No,No,Animal
IMG_0239.HEIC.jpg,Animal in Japan,"Editorial use only. This image shows animal in Japan, taken on 2024-09-01.","animal, Japan, editorial, animal in Japan",Yes,No,No,Animal
IMG_0240.HEIC.jpg,Animal in Japan,"Editorial use only. This image shows animal in Japan, taken on 2024-09-01.","animal, Japan, editorial, animal in Japan",Yes,No,No,Animal
IMG_0241.HEIC.jpg,Animal in Japan,"Editorial use only. This image shows animal in Japan, taken on 2024-09-01.","animal, Japan, editorial, animal in Japan",Yes,No,No,Animal
IMG_0242.HEIC.jpg,Animal in Japan,"Editorial use only. This image shows animal in Japan, taken on 2024-09-01.","animal, Japan, editorial, animal in Japan",Yes,No,No,Animal
IMG_0276.HEIC.jpg,Animal in Japan,"Editorial use only. This image shows animal in Japan, taken on 2024-09-01.","animal, Japan, editorial, animal in Japan",Yes,No,No,Animal
IMG_0290.HEIC.jpg,Animal in Japan,"Editorial use only. This image shows animal in Japan, taken on 2024-09-01.","animal, Japan, editorial, animal in Japan",Yes,No,No,Animal
IMG_0291.HEIC.jpg,Animal in Japan,"Editorial use only. This image shows animal in Japan, taken on 2024-09-01.","animal, Japan, editorial, animal in Japan",Yes,No,No,Animal
IMG_0292.HEIC.jpg,Animal in Japan,"Editorial use only. This image shows animal in Japan, taken on 2024-09-01.","animal, Japan, editorial, animal in Japan",Yes,No,No,Animal
IMG_0299.HEIC.jpg,Animal in Japan,"Editorial use only. This image shows animal in Japan, taken on 2024-09-01.","animal, Japan, editorial, animal in Japan",Yes,No,No,Animal
IMG_0315.HEIC.jpg,Animal in Japan,"Editorial use only. This image shows animal in Japan, taken on 2024-09-01.","animal, Japan, editorial, animal in Japan",Yes,No,No,Animal
IMG_0316.HEIC.jpg,Animal in Japan,"Editorial use only. This image shows animal in Japan, taken on 2024-09-01.","animal, Japan, editorial, animal in Japan",Yes,No,No,Animal
IMG_0341.HEIC.jpg,Animal in Japan,"Editorial use only. This image shows animal in Japan, taken on 2024-09-01.","animal, Japan, editorial, animal in Japan",Yes,No,No,Animal
IMG_0345.HEIC.jpg,Animal in Japan,"Editorial use only. This image shows animal in Japan, taken on 2024-09-01.","animal, Japan, editorial, animal in Japan",Yes,No,No,Animal
IMG_0346.HEIC.jpg,Animal in Japan,"Editorial use only. This image shows animal in Japan, taken on 2024-09-01.","animal, Japan, editorial, animal in Japan",Yes,No,No,Animal
IMG_0867.HEIC.jpg,Animal in Japan,"Editorial use only. This image shows animal in Japan, taken on 2024-09-01.","animal, Japan, editorial, animal in Japan",Yes,No,No,Animal
IMG_0868.HEIC.jpg,Animal in Japan,"Editorial use only. This image shows animal in Japan, taken on 2024-09-01.","animal, Japan, editorial, animal in Japan",Yes,No,No,Animal
IMG_2063.HEIC.jpg,Animal in Japan,"Editorial use only. This image shows animal in Japan, taken on 2024-09-01.","animal, Japan, editorial, animal in Japan",Yes,No,No,Animal
IMG_2065.HEIC.jpg,Animal in Japan,"Editorial use only. This image shows animal in Japan, taken on 2024-09-01.","animal, Japan, editorial, animal in Japan",Yes,No,No,Animal
IMG_2066.HEIC.jpg,Animal in Japan,"Editorial use only. This image shows animal in Japan, taken on 2024-09-01.","animal, Japan, editorial, animal in Japan",Yes,No,No,Animal
IMG_2067.HEIC.jpg,Animal in Japan,"Editorial use only. This image shows animal in Japan, taken on 2024-09-01.","animal, Japan, editorial, animal in Japan",Yes,No,No,Animal
IMG_2069.HEIC.jpg,Animal in Japan,"Editorial use only. This image shows animal in Japan, taken on 2024-09-01.","animal, Japan, editorial, animal in Japan",Yes,No,No,Animal
PXL_20240818_031548181.MP.jpg,Animal in Japan,"Editorial use only. This image shows animal in Japan, taken on 2024-09-01.","animal, Japan, editorial, animal in Japan",Yes,No,No,Animal
PXL_20240818_031552397.jpg,Animal in Japan,"Editorial use only. This image shows animal in Japan, taken on 2024-09-01.","animal, Japan, editorial, animal in Japan",Yes,No,No,Animal
PXL_20240901_010559580.jpg,Animal in Japan,"Editorial use only. This image shows animal in Japan, taken on 2024-09-01.","animal, Japan, editorial, animal in Japan",Yes,No,No,Animal
IMG_0347.HEIC.jpg,Bear in Japan,"Editorial use only. This image shows bear in Japan, taken on 2024-09-01.","bear, Japan, editorial, bear in Japan",Yes,No,No,Animal
IMG_0348.HEIC.jpg,Bear in Japan,"Editorial use only. This image shows bear in Japan, taken on 2024-09-01.","bear, Japan, editorial, bear in Japan",Yes,No,No,Animal
IMG_0349.HEIC.jpg,Bear in Japan,"Editorial use only. This image shows bear in Japan, taken on 2024-09-01.","bear, Japan, editorial, bear in Japan",Yes,No,No,Animal
IMG_0352.HEIC.jpg,Bear in Japan,"Editorial use only. This image shows bear in Japan, taken on 2024-09-01.","bear, Japan, editorial, bear in Japan",Yes,No,No,Animal
IMG_0353.HEIC.jpg,Bear in Japan,"Editorial use only. This image shows bear in Japan, taken on 2024-09-01.","bear, Japan, editorial, bear in Japan",Yes,No,No,Animal
IMG_0354.HEIC.jpg,Bear in Japan,"Editorial use only. This image shows bear in Japan, taken on 2024-09-01.","bear, Japan, editorial, bear in Japan",Yes,No,No,Animal
IMG_0815.HEIC.jpg,Bear in Japan,"Editorial use only. This image shows bear in Japan, taken on 2024-09-01.","bear, Japan, editorial, bear in Japan",Yes,No,No,Animal
IMG_0846.HEIC.jpg,Bear in Japan,"Editorial use only. This image shows bear in Japan, taken on 2024-09-01.","bear, Japan, editorial, bear in Japan",Yes,No,No,Animal
IMG_0847.HEIC.jpg,Bear in Japan,"Editorial use only. This image shows bear in Japan, taken on 2024-09-01.","bear, Japan, editorial, bear in Japan",Yes,No,No,Animal
IMG_0848.jpg,Bear in Japan,"Editorial use only. This image shows bear in Japan, taken on 2024-09-01.","bear, Japan, editorial, bear in Japan",Yes,No,No,Animal
IMG_0849.jpg,Bear in Japan,"Editorial use only. This image shows bear in Japan, taken on 2024-09-01.","bear, Japan, editorial, bear in Japan",Yes,No,No,Animal
IMG_0850.HEIC.jpg,Bear in Japan,"Editorial use only. This image shows bear in Japan, taken on 2024-09-01.","bear, Japan, editorial, bear in Japan",Yes,No,No,Animal
IMG_2756.HEIC.jpg,Bicycle in Japan,"Editorial use only. This image shows bicycle in Japan, taken on 2024-09-01.","bicycle, Japan, editorial, bicycle in Japan",Yes,No,No,Transportation
IMG_2757.HEIC.jpg,Bicycle in Japan,"Editorial use only. This image shows bicycle in Japan, taken on 2024-09-01.","bicycle, Japan, editorial, bicycle in Japan",Yes,No,No,Transportation
PXL_20240819_083146567.MP.jpg,Bicycle in Japan,"Editorial use only. This image shows bicycle in Japan, taken on 2024-09-01.","bicycle, Japan, editorial, bicycle in Japan",Yes,No,No,Transportation
PXL_20240819_083149759.MP.jpg,Bicycle in Japan,"Editorial use only. This image shows bicycle in Japan, taken on 2024-09-01.","bicycle, Japan, editorial, bicycle in Japan",Yes,No,No,Transportation
PXL_20240819_083201008.MP.jpg,Bicycle in Japan,"Editorial use only. This image shows bicycle in Japan, taken on 2024-09-01.","bicycle, Japan, editorial, bicycle in Japan",Yes,No,No,Transportation
PXL_20240819_083240133.LONG_EXPOSURE-01.COVER.jpg,Bicycle in Japan,"Editorial use only. This image shows bicycle in Japan, taken on 2024-09-01.","bicycle, Japan, editorial, bicycle in Japan",Yes,No,No,Transportation
PXL_20240819_083256415.LONG_EXPOSURE-01.COVER.jpg,Bicycle in Japan,"Editorial use only. This image shows bicycle in Japan, taken on 2024-09-01.","bicycle, Japan, editorial, bicycle in Japan",Yes,No,No,Transportation
55109E5A-6B58-473C-97BD-C4C4773BB1D4.jpg,Building in Japan,"Editorial use only. This image shows building in Japan, taken on 2024-09-01.","building, Japan, editorial, building in Japan",Yes,No,No,Building
CC8732CD-0344-486F-A5D7-EF9D8D6F324D.jpg,Building in Japan,"Editorial use only. This image shows building in Japan, taken on 2024-09-01.","building, Japan, editorial, building in Japan",Yes,No,No,Building
IMG_0016.HEIC.jpg,Building in Japan,"Editorial use only. This image shows building in Japan, taken on 2024-09-01.","building, Japan, editorial, building in Japan",Yes,No,No,Building
IMG_0178.HEIC.jpg,Building in Japan,"Editorial use only. This image shows building in Japan, taken on 2024-09-01.","building, Japan, editorial, building in Japan",Yes,No,No,Building
IMG_0185.HEIC.jpg,Building in Japan,"Editorial use only. This image shows building in Japan, taken on 2024-09-01.","building, Japan, editorial, building in Japan",Yes,No,No,Building
IMG_0186.HEIC.jpg,Building in Japan,"Editorial use only. This image shows building in Japan, taken on 2024-09-01.","building, Japan, editorial, building in Japan",Yes,No,No,Building
IMG_0191.HEIC.jpg,Building in Japan,"Editorial use only. This image shows building in Japan, taken on 2024-09-01.","building, Japan, editorial, building in Japan",Yes,No,No,Building
IMG_0192.HEIC.jpg,Building in Japan,"Editorial use only. This image shows building in Japan, taken on 2024-09-01.","building, Japan, editorial, building in Japan",Yes,No,No,Building
IMG_0193.HEIC.jpg,Building in Japan,"Editorial use only. This image shows building in Japan, taken on 2024-09-01.","building, Japan, editorial, building in Japan",Yes,No,No,Building
IMG_0205.HEIC.jpg,Building in Japan,"Editorial use only. This image shows building in Japan, taken on 2024-09-01.","building, Japan, editorial, building in Japan",Yes,No,No,Building
IMG_0216.HEIC.jpg,Building in Japan,"Editorial use only. This image shows building in Japan, taken on 2024-09-01.","building, Japan, editorial, building in Japan",Yes,No,No,Building
IMG_0217.HEIC.jpg,Building in Japan,"Editorial use only. This image shows building in Japan, taken on 2024-09-01.","building, Japan, editorial, building in Japan",Yes,No,No,Building
IMG_0218.HEIC.jpg,Building in Japan,"Editorial use only. This image shows building in Japan, taken on 2024-09-01.","building, Japan, editorial, building in Japan",Yes,No,No,Building
IMG_0253.HEIC.jpg,Building in Japan,"Editorial use only. This image shows building in Japan, taken on 2024-09-01.","building, Japan, editorial, building in Japan",Yes,No,No,Building
IMG_0254.HEIC.jpg,Building in Japan,"Editorial use only. This image shows building in Japan, taken on 2024-09-01.","building, Japan, editorial, building in Japan",Yes,No,No,Building
IMG_0379.HEIC.jpg,Building in Japan,"Editorial use only. This image shows building in Japan, taken on 2024-09-01.","building, Japan, editorial, building in Japan",Yes,No,No,Building
IMG_0380.HEIC.jpg,Building in Japan,"Editorial use only. This image shows building in Japan, taken on 2024-09-01.","building, Japan, editorial, building in Japan",Yes,No,No,Building
IMG_0381.HEIC.jpg,Building in Japan,"Editorial use only. This image shows building in Japan, taken on 2024-09-01.","building, Japan, editorial, building in Japan",Yes,No,No,Building
IMG_0382.HEIC.jpg,Building in Japan,"Editorial use only. This image shows building in Japan, taken on 2024-09-01.","building, Japan, editorial, building in Japan",Yes,No,No,Building
IMG_0383.HEIC.jpg,Building in Japan,"Editorial use only. This image shows building in Japan, taken on 2024-09-01.","building, Japan, editorial, building in Japan",Yes,No,No,Building
IMG_0384.HEIC.jpg,Building in Japan,"Editorial use only. This image shows building in Japan, taken on 2024-09-01.","building, Japan, editorial, building in Japan",Yes,No,No,Building
IMG_0385.HEIC.jpg,Building in Japan,"Editorial use only. This image shows building in Japan, taken on 2024-09-01.","building, Japan, editorial, building in Japan",Yes,No,No,Building
IMG_0390.HEIC.jpg,Building in Japan,"Editorial use only. This image shows building in Japan, taken on 2024-09-01.","building, Japan, editorial, building in Japan",Yes,No,No,Building
IMG_0391.HEIC.jpg,Building in Japan,"Editorial use only. This image shows building in Japan, taken on 2024-09-01.","building, Japan, editorial, building in Japan",Yes,No,No,Building
IMG_0392.HEIC.jpg,Building in Japan,"Editorial use only. This image shows building in Japan, taken on 2024-09-01.","building, Japan, editorial, building in Japan",Yes,No,No,Building
IMG_0393.HEIC.jpg,Building in Japan,"Editorial use only. This image shows building in Japan, taken on 2024-09-01.","building, Japan, editorial, building in Japan",Yes,No,No,Building
IMG_0398.HEIC.jpg,Building in Japan,"Editorial use only. This image shows building in Japan, taken on 2024-09-01.","building, Japan, editorial, building in Japan",Yes,No,No,Building
IMG_0399.HEIC.jpg,Building in Japan,"Editorial use only. This image shows building in Japan, taken on 2024-09-01.","building, Japan, editorial, building in Japan",Yes,No,No,Building
IMG_0400.HEIC.jpg,Building in Japan,"Editorial use only. This image shows building in Japan, taken on 2024-09-01.","building, Japan, editorial, building in Japan",Yes,No,No,Building
IMG_0401.HEIC.jpg,Building in Japan,"Editorial use only. This image shows building in Japan, taken on 2024-09-01.","building, Japan, editorial, building in Japan",Yes,No,No,Building
IMG_0402.HEIC.jpg,Building in Japan,"Editorial use only. This image shows building in Japan, taken on 2024-09-01.","building, Japan, editorial, building in Japan",Yes,No,No,Building
IMG_0403.HEIC.jpg,Building in Japan,"Editorial use only. This image shows building in Japan, taken on 2024-09-01.","building, Japan, editorial, building in Japan",Yes,No,No,Building
IMG_0405.HEIC.jpg,Building in Japan,"Editorial use only. This image shows building in Japan, taken on 2024-09-01.","building, Japan, editorial, building in Japan",Yes,No,No,Building
IMG_0406.HEIC.jpg,Building in Japan,"Editorial use only. This image shows building in Japan, taken on 2024-09-01.","building, Japan, editorial, building in Japan",Yes,No,No,Building
IMG_0429.HEIC.jpg,Building in Japan,"Editorial use only. This image shows building in Japan, taken on 2024-09-01.","building, Japan, editorial, building in Japan",Yes,No,No,Building
IMG_0517.HEIC.jpg,Building in Japan,"Editorial use only. This image shows building in Japan, taken on 2024-09-01.","building, Japan, editorial, building in Japan",Yes,No,No,Building
IMG_0518.HEIC.jpg,Building in Japan,"Editorial use only. This image shows building in Japan, taken on 2024-09-01.","building, Japan, editorial, building in Japan",Yes,No,No,Building
IMG_0519.HEIC.jpg,Building in Japan,"Editorial use only. This image shows building in Japan, taken on 2024-09-01.","building, Japan, editorial, building in Japan",Yes,No,No,Building
IMG_0520.HEIC.jpg,Building in Japan,"Editorial use only. This image shows building in Japan, taken on 2024-09-01.","building, Japan, editorial, building in Japan",Yes,No,No,Building
IMG_0567.HEIC.jpg,Building in Japan,"Editorial use only. This image shows building in Japan, taken on 2024-09-01.","building, Japan, editorial, building in Japan",Yes,No,No,Building
IMG_0568.HEIC.jpg,Building in Japan,"Editorial use only. This image shows building in Japan, taken on 2024-09-01.","building, Japan, editorial, building in Japan",Yes,No,No,Building
IMG_0569.HEIC.jpg,Building in Japan,"Editorial use only. This image shows building in Japan, taken on 2024-09-01.","building, Japan, editorial, building in Japan",Yes,No,No,Building
IMG_0879.HEIC.jpg,Building in Japan,"Editorial use only. This image shows building in Japan, taken on 2024-09-01.","building, Japan, editorial, building in Japan",Yes,No,No,Building
IMG_0880.jpg,Building in Japan,"Editorial use only. This image shows building in Japan, taken on 2024-09-01.","building, Japan, editorial, building in Japan",Yes,No,No,Building
IMG_0883.HEIC.jpg,Building in Japan,"Editorial use only. This image shows building in Japan, taken on 2024-09-01.","building, Japan, editorial, building in Japan",Yes,No,No,Building
IMG_1399.HEIC.jpg,Building in Japan,"Editorial use only. This image shows building in Japan, taken on 2024-09-01.","building, Japan, editorial, building in Japan",Yes,No,No,Building
IMG_1533.HEIC.jpg,Building in Japan,"Editorial use only. This image shows building in Japan, taken on 2024-09-01.","building, Japan, editorial, building in Japan",Yes,No,No,Building
IMG_1534.HEIC.jpg,Building in Japan,"Editorial use only. This image shows building in Japan, taken on 2024-09-01.","building, Japan, editorial, building in Japan",Yes,No,No,Building
IMG_1535.HEIC.jpg,Building in Japan,"Editorial use only. This image shows building in Japan, taken on 2024-09-01.","building, Japan, editorial, building in Japan",Yes,No,No,Building
IMG_1536.HEIC.jpg,Building in Japan,"Editorial use only. This image shows building in Japan, taken on 2024-09-01.","building, Japan, editorial, building in Japan",Yes,No,No,Building
IMG_1537.HEIC.jpg,Building in Japan,"Editorial use only. This image shows building in Japan, taken on 2024-09-01.","building, Japan, editorial, building in Japan",Yes,No,No,Building
IMG_1540.HEIC.jpg,Building in Japan,"Editorial use only. This image shows building in Japan, taken on 2024-09-01.","building, Japan, editorial, building in Japan",Yes,No,No,Building
IMG_1541.HEIC.jpg,Building in Japan,"Editorial use only. This image shows building in Japan, taken on 2024-09-01.","building, Japan, editorial, building in Japan",Yes,No,No,Building
IMG_1542.HEIC.jpg,Building in Japan,"Editorial use only. This image shows building in Japan, taken on 2024-09-01.","building, Japan, editorial, building in Japan",Yes,No,No,Building
IMG_1557.HEIC.jpg,Building in Japan,"Editorial use only. This image shows building in Japan, taken on 2024-09-01.","building, Japan, editorial, building in Japan",Yes,No,No,Building
IMG_1558.HEIC.jpg,Building in Japan,"Editorial use only. This image shows building in Japan, taken on 2024-09-01.","building, Japan, editorial, building in Japan",Yes,No,No,Building
IMG_1573.HEIC.jpg,Building in Japan,"Editorial use only. This image shows building in Japan, taken on 2024-09-01.","building, Japan, editorial, building in Japan",Yes,No,No,Building
IMG_1574.HEIC.jpg,Building in Japan,"Editorial use only. This image shows building in Japan, taken on 2024-09-01.","building, Japan, editorial, building in Japan",Yes,No,No,Building
IMG_1869.HEIC.jpg,Building in Japan,"Editorial use only. This image shows building in Japan, taken on 2024-09-01.","building, Japan, editorial, building in Japan",Yes,No,No,Building
IMG_1870.HEIC.jpg,Building in Japan,"Editorial use only. This image shows building in Japan, taken on 2024-09-01.","building, Japan, editorial, building in Japan",Yes,No,No,Building
IMG_1886.HEIC.jpg,Building in Japan,"Editorial use only. This image shows building in Japan, taken on 2024-09-01.","building, Japan, editorial, building in Japan",Yes,No,No,Building
IMG_1887.HEIC.jpg,Building in Japan,"Editorial use only. This image shows building in Japan, taken on 2024-09-01.","building, Japan, editorial, building in Japan",Yes,No,No,Building
IMG_1891.HEIC.jpg,Building in Japan,"Editorial use only. This image shows building in Japan, taken on 2024-09-01.","building, Japan, editorial, building in Japan",Yes,No,No,Building
IMG_1893.HEIC.jpg,Building in Japan,"Editorial use only. This image shows building in Japan, taken on 2024-09-01.","building, Japan, editorial, building in Japan",Yes,No,No,Building
IMG_1920.HEIC.jpg,Building in Japan,"Editorial use only. This image shows building in Japan, taken on 2024-09-01.","building, Japan, editorial, building in Japan",Yes,No,No,Building
IMG_1923.HEIC.jpg,Building in Japan,"Editorial use only. This image shows building in Japan, taken on 2024-09-01.","building, Japan, editorial, building in Japan",Yes,No,No,Building
IMG_1930.HEIC.jpg,Building in Japan,"Editorial use only. This image shows building in Japan, taken on 2024-09-01.","building, Japan, editorial, building in Japan",Yes,No,No,Building
IMG_1937.HEIC.jpg,Building in Japan,"Editorial use only. This image shows building in Japan, taken on 2024-09-01.","building, Japan, editorial, building in Japan",Yes,No,No,Building
IMG_1938.HEIC.jpg,Building in Japan,"Editorial use only. This image shows building in Japan, taken on 2024-09-01.","building, Japan, editorial, building in Japan",Yes,No,No,Building
IMG_1949.HEIC.jpg,Building in Japan,"Editorial use only. This image shows building in Japan, taken on 2024-09-01.","building, Japan, editorial, building in Japan",Yes,No,No,Building
IMG_1950.HEIC.jpg,Building in Japan,"Editorial use only. This image shows building in Japan, taken on 2024-09-01.","building, Japan, editorial, building in Japan",Yes,No,No,Building
IMG_20240406_093701.jpg,Building in Japan,"Editorial use only. This image shows building in Japan, taken on 2024-09-01.","building, Japan, editorial, building in Japan",Yes,No,No,Building
IMG_2078.HEIC.jpg,Building in Japan,"Editorial use only. This image shows building in Japan, taken on 2024-09-01.","building, Japan, editorial, building in Japan",Yes,No,No,Building
IMG_2079.HEIC.jpg,Building in Japan,"Editorial use only. This image shows building in Japan, taken on 2024-09-01.","building, Japan, editorial, building in Japan",Yes,No,No,Building
IMG_2407.HEIC.jpg,Building in Japan,"Editorial use only. This image shows building in Japan, taken on 2024-09-01.","building, Japan, editorial, building in Japan",Yes,No,No,Building
IMG_2429.HEIC.jpg,Building in Japan,"Editorial use only. This image shows building in Japan, taken on 2024-09-01.","building, Japan, editorial, building in Japan",Yes,No,No,Building
IMG_2430.HEIC.jpg,Building in Japan,"Editorial use only. This image shows building in Japan, taken on 2024-09-01.","building, Japan, editorial, building in Japan",Yes,No,No,Building
IMG_2435.HEIC.jpg,Building in Japan,"Editorial use only. This image shows building in Japan, taken on 2024-09-01.","building, Japan, editorial, building in Japan",Yes,No,No,Building
IMG_2664.HEIC.jpg,Building in Japan,"Editorial use only. This image shows building in Japan, taken on 2024-09-01.","building, Japan, editorial, building in Japan",Yes,No,No,Building
IMG_2813.HEIC.jpg,Building in Japan,"Editorial use only. This image shows building in Japan, taken on 2024-09-01.","building, Japan, editorial, building in Japan",Yes,No,No,Building
IMG_2814.HEIC.jpg,Building in Japan,"Editorial use only. This image shows building in Japan, taken on 2024-09-01.","building, Japan, editorial, building in Japan",Yes,No,No,Building
IMG_2815.HEIC.jpg,Building in Japan,"Editorial use only. This image shows building in Japan, taken on 2024-09-01.","building, Japan, editorial, building in Japan",Yes,No,No,Building
IMG_2816.HEIC.jpg,Building in Japan,"Editorial use only. This image shows building in Japan, taken on 2024-09-01.","building, Japan, editorial, building in Japan",Yes,No,No,Building
IMG_2817.HEIC.jpg,Building in Japan,"Editorial use only. This image shows building in Japan, taken on 2024-09-01.","building, Japan, editorial, building in Japan",Yes,No,No,Building
IMG_3234.HEIC.jpg,Building in Japan,"Editorial use only. This image shows building in Japan, taken on 2024-09-01.","building, Japan, editorial, building in Japan",Yes,No,No,Building
IMG_3235.HEIC.jpg,Building in Japan,"Editorial use only. This image shows building in Japan, taken on 2024-09-01.","building, Japan, editorial, building in Japan",Yes,No,No,Building
IMG_3236.HEIC.jpg,Building in Japan,"Editorial use only. This image shows building in Japan, taken on 2024-09-01.","building, Japan, editorial, building in Japan",Yes,No,No,Building
IMG_3299.HEIC.jpg,Building in Japan,"Editorial use only. This image shows building in Japan, taken on 2024-09-01.","building, Japan, editorial, building in Japan",Yes,No,No,Building
IMG_3300.HEIC.jpg,Building in Japan,"Editorial use only. This image shows building in Japan, taken on 2024-09-01.","building, Japan, editorial, building in Japan",Yes,No,No,Building
IMG_3761.HEIC.jpg,Building in Japan,"Editorial use only. This image shows building in Japan, taken on 2024-09-01.","building, Japan, editorial, building in Japan",Yes,No,No,Building
IMG_3762.HEIC.jpg,Building in Japan,"Editorial use only. This image shows building in Japan, taken on 2024-09-01.","building, Japan, editorial, building in Japan",Yes,No,No,Building
IMG_3763.HEIC.jpg,Building in Japan,"Editorial use only. This image shows building in Japan, taken on 2024-09-01.","building, Japan, editorial, building in Japan",Yes,No,No,Building
IMG_3764.HEIC.jpg,Building in Japan,"Editorial use only. This image shows building in Japan, taken on 2024-09-01.","building, Japan, editorial, building in Japan",Yes,No,No,Building
IMG_3765.HEIC.jpg,Building in Japan,"Editorial use only. This image shows building in Japan, taken on 2024-09-01.","building, Japan, editorial, building in Japan",Yes,No,No,Building
IMG_3766.HEIC.jpg,Building in Japan,"Editorial use only. This image shows building in Japan, taken on 2024-09-01.","building, Japan, editorial, building in Japan",Yes,No,No,Building
IMG_3767.HEIC.jpg,Building in Japan,"Editorial use only. This image shows building in Japan, taken on 2024-09-01.","building, Japan, editorial, building in Japan",Yes,No,No,Building
IMG_3769-EFFECTS.jpg,Building in Japan,"Editorial use only. This image shows building in Japan, taken on 2024-09-01.","building, Japan, editorial, building in Japan",Yes,No,No,Building
IMG_3769.HEIC.jpg,Building in Japan,"Editorial use only. This image shows building in Japan, taken on 2024-09-01.","building, Japan, editorial, building in Japan",Yes,No,No,Building
IMG_3827.HEIC.jpg,Building in Japan,"Editorial use only. This image shows building in Japan, taken on 2024-09-01.","building, Japan, editorial, building in Japan",Yes,No,No,Building
IMG_3869.HEIC.jpg,Building in Japan,"Editorial use only. This image shows building in Japan, taken on 2024-09-01.","building, Japan, editorial, building in Japan",Yes,No,No,Building
IMG_3870.HEIC.jpg,Building in Japan,"Editorial use only. This image shows building in Japan, taken on 2024-09-01.","building, Japan, editorial, building in Japan",Yes,No,No,Building
IMG_3871.HEIC.jpg,Building in Japan,"Editorial use only. This image shows building in Japan, taken on 2024-09-01.","building, Japan, editorial, building in Japan",Yes,No,No,Building
IMG_3872.HEIC.jpg,Building in Japan,"Editorial use only. This image shows building in Japan, taken on 2024-09-01.","building, Japan, editorial, building in Japan",Yes,No,No,Building
IMG_3881.HEIC.jpg,Building in Japan,"Editorial use only. This image shows building in Japan, taken on 2024-09-01.","building, Japan, editorial, building in Japan",Yes,No,No,Building
IMG_3882.HEIC.jpg,Building in Japan,"Editorial use only. This image shows building in Japan, taken on 2024-09-01.","building, Japan, editorial, building in Japan",Yes,No,No,Building
IMG_3883.HEIC.jpg,Building in Japan,"Editorial use only. This image shows building in Japan, taken on 2024-09-01.","building, Japan, editorial, building in Japan",Yes,No,No,Building
IMG_3884.HEIC.jpg,Building in Japan,"Editorial use only. This image shows building in Japan, taken on 2024-09-01.","building, Japan, editorial, building in Japan",Yes,No,No,Building
IMG_3954.HEIC.jpg,Building in Japan,"Editorial use only. This image shows building in Japan, taken on 2024-09-01.","building, Japan, editorial, building in Japan",Yes,No,No,Building
IMG_3955.HEIC.jpg,Building in Japan,"Editorial use only. This image shows building in Japan, taken on 2024-09-01.","building, Japan, editorial, building in Japan",Yes,No,No,Building
PXL_20240818_032612058.MP.jpg,Building in Japan,"Editorial use only. This image shows building in Japan, taken on 2024-09-01.","building, Japan, editorial, building in Japan",Yes,No,No,Building
PXL_20240818_033054482.MP-EFFECTS.jpg,Building in Japan,"Editorial use only. This image shows building in Japan, taken on 2024-09-01.","building, Japan, editorial, building in Japan",Yes,No,No,Building
PXL_20240818_033054482.MP.jpg,Building in Japan,"Editorial use only. This image shows building in Japan, taken on 2024-09-01.","building, Japan, editorial, building in Japan",Yes,No,No,Building
PXL_20240824_040801240.MP.jpg,Building in Japan,"Editorial use only. This image shows building in Japan, taken on 2024-09-01.","building, Japan, editorial, building in Japan",Yes,No,No,Building
PXL_20240824_040807964.PORTRAIT.jpg,Building in Japan,"Editorial use only. This image shows building in Japan, taken on 2024-09-01.","building, Japan, editorial, building in Japan",Yes,No,No,Building
PXL_20240824_041750598.jpg,Building in Japan,"Editorial use only. This image shows building in Japan, taken on 2024-09-01.","building, Japan, editorial, building in Japan",Yes,No,No,Building
PXL_20240824_041809615.LONG_EXPOSURE-01.COVER.jpg,Building in Japan,"Editorial use only. This image shows building in Japan, taken on 2024-09-01.","building, Japan, editorial, building in Japan",Yes,No,No,Building
PXL_20240824_045735871.MP.jpg,Building in Japan,"Editorial use only. This image shows building in Japan, taken on 2024-09-01.","building, Japan, editorial, building in Japan",Yes,No,No,Building
PXL_20240824_045741701.MP.jpg,Building in Japan,"Editorial use only. This image shows building in Japan, taken on 2024-09-01.","building, Japan, editorial, building in Japan",Yes,No,No,Building
PXL_20240824_045745769.MP.jpg,Building in Japan,"Editorial use only. This image shows building in Japan, taken on 2024-09-01.","building, Japan, editorial, building in Japan",Yes,No,No,Building
PXL_20240824_045748680.MP.jpg,Building in Japan,"Editorial use only. This image shows building in Japan, taken on 2024-09-01.","building, Japan, editorial, building in Japan",Yes,No,No,Building
PXL_20240824_045755681.MP.jpg,Building in Japan,"Editorial use only. This image shows building in Japan, taken on 2024-09-01.","building, Japan, editorial, building in Japan",Yes,No,No,Building
PXL_20240824_045759916.MP.jpg,Building in Japan,"Editorial use only. This image shows building in Japan, taken on 2024-09-01.","building, Japan, editorial, building in Japan",Yes,No,No,Building
PXL_20240824_045805529.MP.jpg,Building in Japan,"Editorial use only. This image shows building in Japan, taken on 2024-09-01.","building, Japan, editorial, building in Japan",Yes,No,No,Building
PXL_20240824_045817406.jpg,Building in Japan,"Editorial use only. This image shows building in Japan, taken on 2024-09-01.","building, Japan, editorial, building in Japan",Yes,No,No,Building
PXL_20240824_052017834.MP.jpg,Building in Japan,"Editorial use only. This image shows building in Japan, taken on 2024-09-01.","building, Japan, editorial, building in Japan",Yes,No,No,Building
PXL_20240824_052020368.jpg,Building in Japan,"Editorial use only. This image shows building in Japan, taken on 2024-09-01.","building, Japan, editorial, building in Japan",Yes,No,No,Building
PXL_20240824_080920661.MP.jpg,Building in Japan,"Editorial use only. This image shows building in Japan, taken on 2024-09-01.","building, Japan, editorial, building in Japan",Yes,No,No,Building
PXL_20240824_080922026.MP.jpg,Building in Japan,"Editorial use only. This image shows building in Japan, taken on 2024-09-01.","building, Japan, editorial, building in Japan",Yes,No,No,Building
PXL_20240824_080924792.jpg,Building in Japan,"Editorial use only. This image shows building in Japan, taken on 2024-09-01.","building, Japan, editorial, building in Japan",Yes,No,No,Building
PXL_20240824_083639152.MP.jpg,Building in Japan,"Editorial use only. This image shows building in Japan, taken on 2024-09-01.","building, Japan, editorial, building in Japan",Yes,No,No,Building
PXL_20240824_084131758.MP.jpg,Building in Japan,"Editorial use only. This image shows building in Japan, taken on 2024-09-01.","building, Japan, editorial, building in Japan",Yes,No,No,Building
PXL_20240824_084154444.LONG_EXPOSURE-01.COVER.jpg,Building in Japan,"Editorial use only. This image shows building in Japan, taken on 2024-09-01.","building, Japan, editorial, building in Japan",Yes,No,No,Building
PXL_20240824_085020354.MP.jpg,Building in Japan,"Editorial use only. This image shows building in Japan, taken on 2024-09-01.","building, Japan, editorial, building in Japan",Yes,No,No,Building
PXL_20240824_231857464.jpg,Building in Japan,"Editorial use only. This image shows building in Japan, taken on 2024-09-01.","building, Japan, editorial, building in Japan",Yes,No,No,Building
PXL_20240824_232312755.MP.jpg,Building in Japan,"Editorial use only. This image shows building in Japan, taken on 2024-09-01.","building, Japan, editorial, building in Japan",Yes,No,No,Building
PXL_20240824_232736494.LONG_EXPOSURE-01.COVER.jpg,Building in Japan,"Editorial use only. This image shows building in Japan, taken on 2024-09-01.","building, Japan, editorial, building in Japan",Yes,No,No,Building
PXL_20240825_033235559.MP.jpg,Building in Japan,"Editorial use only. This image shows building in Japan, taken on 2024-09-01.","building, Japan, editorial, building in Japan",Yes,No,No,Building
PXL_20240825_035820360.jpg,Building in Japan,"Editorial use only. This image shows building in Japan, taken on 2024-09-01.","building, Japan, editorial, building in Japan",Yes,No,No,Building
PXL_20240831_002353181.jpg,Building in Japan,"Editorial use only. This image shows building in Japan, taken on 2024-09-01.","building, Japan, editorial, building in Japan",Yes,No,No,Building
IMG_0869.HEIC.jpg,Capybara in Japan,"Editorial use only. This image shows capybara in Japan, taken on 2024-09-01.","capybara, Japan, editorial, capybara in Japan",Yes,No,No,Animal
IMG_0870.HEIC.jpg,Capybara in Japan,"Editorial use only. This image shows capybara in Japan, taken on 2024-09-01.","capybara, Japan, editorial, capybara in Japan",Yes,No,No,Animal
IMG_2070.HEIC.jpg,Capybara in Japan,"Editorial use only. This image shows capybara in Japan, taken on 2024-09-01.","capybara, Japan, editorial, capybara in Japan",Yes,No,No,Animal
IMG_2071.HEIC.jpg,Capybara in Japan,"Editorial use only. This image shows capybara in Japan, taken on 2024-09-01.","capybara, Japan, editorial, capybara in Japan",Yes,No,No,Animal
PXL_20240818_033859624.jpg,Car in Japan,"Editorial use only. This image shows car in Japan, taken on 2024-09-01.","car, Japan, editorial, car in Japan",Yes,No,No,Transportation
IMG_1580.HEIC.jpg,Cat in Japan,"Editorial use only. This image shows cat in Japan, taken on 2024-09-01.","cat, Japan, editorial, cat in Japan",Yes,No,No,Animal
IMG_1593.HEIC.jpg,Cat in Japan,"Editorial use only. This image shows cat in Japan, taken on 2024-09-01.","cat, Japan, editorial, cat in Japan",Yes,No,No,Animal
IMG_1594.HEIC.jpg,Cat in Japan,"Editorial use only. This image shows cat in Japan, taken on 2024-09-01.","cat, Japan, editorial, cat in Japan",Yes,No,No,Animal
IMG_1614.HEIC.jpg,Cat in Japan,"Editorial use only. This image shows cat in Japan, taken on 2024-09-01.","cat, Japan, editorial, cat in Japan",Yes,No,No,Animal
IMG_1621.HEIC.jpg,Cat in Japan,"Editorial use only. This image shows cat in Japan, taken on 2024-09-01.","cat, Japan, editorial, cat in Japan",Yes,No,No,Animal
IMG_1622.HEIC.jpg,Cat in Japan,"Editorial use only. This image shows cat in Japan, taken on 2024-09-01.","cat, Japan, editorial, cat in Japan",Yes,No,No,Animal
IMG_1623.HEIC.jpg,Cat in Japan,"Editorial use only. This image shows cat in Japan, taken on 2024-09-01.","cat, Japan, editorial, cat in Japan",Yes,No,No,Animal
IMG_1625.HEIC.jpg,Cat in Japan,"Editorial use only. This image shows cat in Japan, taken on 2024-09-01.","cat, Japan, editorial, cat in Japan",Yes,No,No,Animal
IMG_1626.HEIC.jpg,Cat in Japan,"Editorial use only. This image shows cat in Japan, taken on 2024-09-01.","cat, Japan, editorial, cat in Japan",Yes,No,No,Animal
IMG_1627.HEIC.jpg,Cat in Japan,"Editorial use only. This image shows cat in Japan, taken on 2024-09-01.","cat, Japan, editorial, cat in Japan",Yes,No,No,Animal
IMG_1628.HEIC.jpg,Cat in Japan,"Editorial use only. This image shows cat in Japan, taken on 2024-09-01.","cat, Japan, editorial, cat in Japan",Yes,No,No,Animal
IMG_1629.HEIC.jpg,Cat in Japan,"Editorial use only. This image shows cat in Japan, taken on 2024-09-01.","cat, Japan, editorial, cat in Japan",Yes,No,No,Animal
IMG_1630.HEIC.jpg,Cat in Japan,"Editorial use only. This image shows cat in Japan, taken on 2024-09-01.","cat, Japan, editorial, cat in Japan",Yes,No,No,Animal
IMG_1631.HEIC.jpg,Cat in Japan,"Editorial use only. This image shows cat in Japan, taken on 2024-09-01.","cat, Japan, editorial, cat in Japan",Yes,No,No,Animal
IMG_1633.HEIC.jpg,Cat in Japan,"Editorial use only. This image shows cat in Japan, taken on 2024-09-01.","cat, Japan, editorial, cat in Japan",Yes,No,No,Animal
IMG_1634.HEIC.jpg,Cat in Japan,"Editorial use only. This image shows cat in Japan, taken on 2024-09-01.","cat, Japan, editorial, cat in Japan",Yes,No,No,Animal
IMG_1635.HEIC.jpg,Cat in Japan,"Editorial use only. This image shows cat in Japan, taken on 2024-09-01.","cat, Japan, editorial, cat in Japan",Yes,No,No,Animal
IMG_1636.HEIC.jpg,Cat in Japan,"Editorial use only. This image shows cat in Japan, taken on 2024-09-01.","cat, Japan, editorial, cat in Japan",Yes,No,No,Animal
IMG_1637.HEIC.jpg,Cat in Japan,"Editorial use only. This image shows cat in Japan, taken on 2024-09-01.","cat, Japan, editorial, cat in Japan",Yes,No,No,Animal
IMG_1638.HEIC.jpg,Cat in Japan,"Editorial use only. This image shows cat in Japan, taken on 2024-09-01.","cat, Japan, editorial, cat in Japan",Yes,No,No,Animal
IMG_1639.HEIC.jpg,Cat in Japan,"Editorial use only. This image shows cat in Japan, taken on 2024-09-01.","cat, Japan, editorial, cat in Japan",Yes,No,No,Animal
IMG_1640.HEIC.jpg,Cat in Japan,"Editorial use only. This image shows cat in Japan, taken on 2024-09-01.","cat, Japan, editorial, cat in Japan",Yes,No,No,Animal
IMG_1647.HEIC.jpg,Cat in Japan,"Editorial use only. This image shows cat in Japan, taken on 2024-09-01.","cat, Japan, editorial, cat in Japan",Yes,No,No,Animal
IMG_1648.HEIC.jpg,Cat in Japan,"Editorial use only. This image shows cat in Japan, taken on 2024-09-01.","cat, Japan, editorial, cat in Japan",Yes,No,No,Animal
IMG_1649.HEIC.jpg,Cat in Japan,"Editorial use only. This image shows cat in Japan, taken on 2024-09-01.","cat, Japan, editorial, cat in Japan",Yes,No,No,Animal
IMG_1667.HEIC.jpg,Cat in Japan,"Editorial use only. This image shows cat in Japan, taken on 2024-09-01.","cat, Japan, editorial, cat in Japan",Yes,No,No,Animal
IMG_0575.HEIC.jpg,Fish in Japan,"Editorial use only. This image shows fish in Japan, taken on 2024-09-01.","fish, Japan, editorial, fish in Japan",Yes,No,No,Animal
IMG_0576.HEIC.jpg,Fish in Japan,"Editorial use only. This image shows fish in Japan, taken on 2024-09-01.","fish, Japan, editorial, fish in Japan",Yes,No,No,Animal
IMG_0579.HEIC.jpg,Fish in Japan,"Editorial use only. This image shows fish in Japan, taken on 2024-09-01.","fish, Japan, editorial, fish in Japan",Yes,No,No,Animal
IMG_0580.HEIC.jpg,Fish in Japan,"Editorial use only. This image shows fish in Japan, taken on 2024-09-01.","fish, Japan, editorial, fish in Japan",Yes,No,No,Animal
IMG_0581.HEIC.jpg,Fish in Japan,"Editorial use only. This image shows fish in Japan, taken on 2024-09-01.","fish, Japan, editorial, fish in Japan",Yes,No,No,Animal
IMG_0582.HEIC.jpg,Fish in Japan,"Editorial use only. This image shows fish in Japan, taken on 2024-09-01.","fish, Japan, editorial, fish in Japan",Yes,No,No,Animal
IMG_0585.HEIC.jpg,Fish in Japan,"Editorial use only. This image shows fish in Japan, taken on 2024-09-01.","fish, Japan, editorial, fish in Japan",Yes,No,No,Animal
IMG_0586.HEIC.jpg,Fish in Japan,"Editorial use only. This image shows fish in Japan, taken on 2024-09-01.","fish, Japan, editorial, fish in Japan",Yes,No,No,Animal
IMG_0587.HEIC.jpg,Fish in Japan,"Editorial use only. This image shows fish in Japan, taken on 2024-09-01.","fish, Japan, editorial, fish in Japan",Yes,No,No,Animal
IMG_0588.HEIC.jpg,Fish in Japan,"Editorial use only. This image shows fish in Japan, taken on 2024-09-01.","fish, Japan, editorial, fish in Japan",Yes,No,No,Animal
IMG_0589.HEIC.jpg,Fish in Japan,"Editorial use only. This image shows fish in Japan, taken on 2024-09-01.","fish, Japan, editorial, fish in Japan",Yes,No,No,Animal
IMG_0592.HEIC.jpg,Fish in Japan,"Editorial use only. This image shows fish in Japan, taken on 2024-09-01.","fish, Japan, editorial, fish in Japan",Yes,No,No,Animal
IMG_0593.HEIC.jpg,Fish in Japan,"Editorial use only. This image shows fish in Japan, taken on 2024-09-01.","fish, Japan, editorial, fish in Japan",Yes,No,No,Animal
IMG_0594.HEIC.jpg,Fish in Japan,"Editorial use only. This image shows fish in Japan, taken on 2024-09-01.","fish, Japan, editorial, fish in Japan",Yes,No,No,Animal
IMG_0595.HEIC.jpg,Fish in Japan,"Editorial use only. This image shows fish in Japan, taken on 2024-09-01.","fish, Japan, editorial, fish in Japan",Yes,No,No,Animal
IMG_0596.HEIC.jpg,Fish in Japan,"Editorial use only. This image shows fish in Japan, taken on 2024-09-01.","fish, Japan, editorial, fish in Japan",Yes,No,No,Animal
IMG_0610.HEIC.jpg,Fish in Japan,"Editorial use only. This image shows fish in Japan, taken on 2024-09-01.","fish, Japan, editorial, fish in Japan",Yes,No,No,Animal
IMG_0727.HEIC.jpg,Fish in Japan,"Editorial use only. This image shows fish in Japan, taken on 2024-09-01.","fish, Japan, editorial, fish in Japan",Yes,No,No,Animal
IMG_0728.HEIC.jpg,Fish in Japan,"Editorial use only. This image shows fish in Japan, taken on 2024-09-01.","fish, Japan, editorial, fish in Japan",Yes,No,No,Animal
IMG_0729.HEIC.jpg,Fish in Japan,"Editorial use only. This image shows fish in Japan, taken on 2024-09-01.","fish, Japan, editorial, fish in Japan",Yes,No,No,Animal
IMG_0742.HEIC.jpg,Fish in Japan,"Editorial use only. This image shows fish in Japan, taken on 2024-09-01.","fish, Japan, editorial, fish in Japan",Yes,No,No,Animal
IMG_0743.HEIC.jpg,Fish in Japan,"Editorial use only. This image shows fish in Japan, taken on 2024-09-01.","fish, Japan, editorial, fish in Japan",Yes,No,No,Animal
IMG_0876.HEIC.jpg,Fish in Japan,"Editorial use only. This image shows fish in Japan, taken on 2024-09-01.","fish, Japan, editorial, fish in Japan",Yes,No,No,Animal
IMG_1956.HEIC.jpg,Fish in Japan,"Editorial use only. This image shows fish in Japan, taken on 2024-09-01.","fish, Japan, editorial, fish in Japan",Yes,No,No,Animal
IMG_1958.HEIC.jpg,Fish in Japan,"Editorial use only. This image shows fish in Japan, taken on 2024-09-01.","fish, Japan, editorial, fish in Japan",Yes,No,No,Animal
IMG_1959.HEIC.jpg,Fish in Japan,"Editorial use only. This image shows fish in Japan, taken on 2024-09-01.","fish, Japan, editorial, fish in Japan",Yes,No,No,Animal
IMG_1961.HEIC.jpg,Fish in Japan,"Editorial use only. This image shows fish in Japan, taken on 2024-09-01.","fish, Japan, editorial, fish in Japan",Yes,No,No,Animal
IMG_1962.HEIC.jpg,Fish in Japan,"Editorial use only. This image shows fish in Japan, taken on 2024-09-01.","fish, Japan, editorial, fish in Japan",Yes,No,No,Animal
IMG_1963.HEIC.jpg,Fish in Japan,"Editorial use only. This image shows fish in Japan, taken on 2024-09-01.","fish, Japan, editorial, fish in Japan",Yes,No,No,Animal
IMG_1966.HEIC.jpg,Fish in Japan,"Editorial use only. This image shows fish in Japan, taken on 2024-09-01.","fish, Japan, editorial, fish in Japan",Yes,No,No,Animal
IMG_1967.HEIC.jpg,Fish in Japan,"Editorial use only. This image shows fish in Japan, taken on 2024-09-01.","fish, Japan, editorial, fish in Japan",Yes,No,No,Animal
IMG_1971.HEIC.jpg,Fish in Japan,"Editorial use only. This image shows fish in Japan, taken on 2024-09-01.","fish, Japan, editorial, fish in Japan",Yes,No,No,Animal
IMG_1979.HEIC.jpg,Fish in Japan,"Editorial use only. This image shows fish in Japan, taken on 2024-09-01.","fish, Japan, editorial, fish in Japan",Yes,No,No,Animal
IMG_1980.HEIC.jpg,Fish in Japan,"Editorial use only. This image shows fish in Japan, taken on 2024-09-01.","fish, Japan, editorial, fish in Japan",Yes,No,No,Animal
IMG_1981.HEIC.jpg,Fish in Japan,"Editorial use only. This image shows fish in Japan, taken on 2024-09-01.","fish, Japan, editorial, fish in Japan",Yes,No,No,Animal
IMG_2034.HEIC.jpg,Fish in Japan,"Editorial use only. This image shows fish in Japan, taken on 2024-09-01.","fish, Japan, editorial, fish in Japan",Yes,No,No,Animal
IMG_2035.HEIC.jpg,Fish in Japan,"Editorial use only. This image shows fish in Japan, taken on 2024-09-01.","fish, Japan, editorial, fish in Japan",Yes,No,No,Animal
IMG_2036.HEIC.jpg,Fish in Japan,"Editorial use only. This image shows fish in Japan, taken on 2024-09-01.","fish, Japan, editorial, fish in Japan",Yes,No,No,Animal
IMG_2037.HEIC.jpg,Fish in Japan,"Editorial use only. This image shows fish in Japan, taken on 2024-09-01.","fish, Japan, editorial, fish in Japan",Yes,No,No,Animal
IMG_2042.HEIC.jpg,Fish in Japan,"Editorial use only. This image shows fish in Japan, taken on 2024-09-01.","fish, Japan, editorial, fish in Japan",Yes,No,No,Animal
IMG_2043.HEIC.jpg,Fish in Japan,"Editorial use only. This image shows fish in Japan, taken on 2024-09-01.","fish, Japan, editorial, fish in Japan",Yes,No,No,Animal
IMG_2044.HEIC.jpg,Fish in Japan,"Editorial use only. This image shows fish in Japan, taken on 2024-09-01.","fish, Japan, editorial, fish in Japan",Yes,No,No,Animal
IMG_2046.HEIC.jpg,Fish in Japan,"Editorial use only. This image shows fish in Japan, taken on 2024-09-01.","fish, Japan, editorial, fish in Japan",Yes,No,No,Animal
IMG_2047.HEIC.jpg,Fish in Japan,"Editorial use only. This image shows fish in Japan, taken on 2024-09-01.","fish, Japan, editorial, fish in Japan",Yes,No,No,Animal
IMG_2048.HEIC.jpg,Fish in Japan,"Editorial use only. This image shows fish in Japan, taken on 2024-09-01.","fish, Japan, editorial, fish in Japan",Yes,No,No,Animal
IMG_2053.HEIC.jpg,Fish in Japan,"Editorial use only. This image shows fish in Japan, taken on 2024-09-01.","fish, Japan, editorial, fish in Japan",Yes,No,No,Animal
IMG_2060.HEIC.jpg,Fish in Japan,"Editorial use only. This image shows fish in Japan, taken on 2024-09-01.","fish, Japan, editorial, fish in Japan",Yes,No,No,Animal
2CA907AA-D727-4128-BCE0-6C02A8BA8BC9.jpg,Food in Japan,"Editorial use only. This image shows food in Japan, taken on 2024-09-01.","food, Japan, editorial, food in Japan",Yes,No,No,Food
2E930683-0C38-428D-AF98-6C3490868BE2.jpg,Food in Japan,"Editorial use only. This image shows food in Japan, taken on 2024-09-01.","food, Japan, editorial, food in Japan",Yes,No,No,Food
IMG-20240830-WA0006.jpg,Food in Japan,"Editorial use only. This image shows food in Japan, taken on 2024-09-01.","food, Japan, editorial, food in Japan",Yes,No,No,Food
IMG_0463.HEIC.jpg,Food in Japan,"Editorial use only. This image shows food in Japan, taken on 2024-09-01.","food, Japan, editorial, food in Japan",Yes,No,No,Food
IMG_1120.HEIC.jpg,Food in Japan,"Editorial use only. This image shows food in Japan, taken on 2024-09-01.","food, Japan, editorial, food in Japan",Yes,No,No,Food
IMG_1121.HEIC.jpg,Food in Japan,"Editorial use only. This image shows food in Japan, taken on 2024-09-01.","food, Japan, editorial, food in Japan",Yes,No,No,Food
IMG_1122.HEIC.jpg,Food in Japan,"Editorial use only. This image shows food in Japan, taken on 2024-09-01.","food, Japan, editorial, food in Japan",Yes,No,No,Food
PXL_20240828_094524548.MP.jpg,Food in Japan,"Editorial use only. This image shows food in Japan, taken on 2024-09-01.","food, Japan, editorial, food in Japan",Yes,No,No,Food
PXL_20240828_094526911.jpg,Food in Japan,"Editorial use only. This image shows food in Japan, taken on 2024-09-01.","food, Japan, editorial, food in Japan",Yes,No,No,Food
PXL_20240828_094528371.jpg,Food in Japan,"Editorial use only. This image shows food in Japan, taken on 2024-09-01.","food, Japan, editorial, food in Japan",Yes,No,No,Food
PXL_20240828_094535138.jpg,Food in Japan,"Editorial use only. This image shows food in Japan, taken on 2024-09-01.","food, Japan, editorial, food in Japan",Yes,No,No,Food
PXL_20240828_094538114.jpg,Food in Japan,"Editorial use only. This image shows food in Japan, taken on 2024-09-01.","food, Japan, editorial, food in Japan",Yes,No,No,Food
PXL_20240828_094540851.MP.jpg,Food in Japan,"Editorial use only. This image shows food in Japan, taken on 2024-09-01.","food, Japan, editorial, food in Japan",Yes,No,No,Food
PXL_20240828_094551158.MP.jpg,Food in Japan,"Editorial use only. This image shows food in Japan, taken on 2024-09-01.","food, Japan, editorial, food in Japan",Yes,No,No,Food
3A6363D3-2064-416E-9B6A-2F6259F69A64.jpg,Interior in Japan,"Editorial use only. This image shows interior in Japan, taken on 2024-09-01.","interior, Japan, editorial, interior in Japan",Yes,No,No,Interior
IMG_0359.HEIC.jpg,Interior in Japan,"Editorial use only. This image shows interior in Japan, taken on 2024-09-01.","interior, Japan, editorial, interior in Japan",Yes,No,No,Interior
IMG_0360.HEIC.jpg,Interior in Japan,"Editorial use only. This image shows interior in Japan, taken on 2024-09-01.","interior, Japan, editorial, interior in Japan",Yes,No,No,Interior
IMG_0975.HEIC.jpg,Interior in Japan,"Editorial use only. This image shows interior in Japan, taken on 2024-09-01.","interior, Japan, editorial, interior in Japan",Yes,No,No,Interior
IMG_0976.HEIC.jpg,Interior in Japan,"Editorial use only. This image shows interior in Japan, taken on 2024-09-01.","interior, Japan, editorial, interior in Japan",Yes,No,No,Interior
IMG_1078.HEIC.jpg,Interior in Japan,"Editorial use only. This image shows interior in Japan, taken on 2024-09-01.","interior, Japan, editorial, interior in Japan",Yes,No,No,Interior
IMG_1196.HEIC.jpg,Interior in Japan,"Editorial use only. This image shows interior in Japan, taken on 2024-09-01.","interior, Japan, editorial, interior in Japan",Yes,No,No,Interior
IMG_1197.HEIC.jpg,Interior in Japan,"Editorial use only. This image shows interior in Japan, taken on 2024-09-01.","interior, Japan, editorial, interior in Japan",Yes,No,No,Interior
IMG_20240426_173607_633.jpg,Interior in Japan,"Editorial use only. This image shows interior in Japan, taken on 2024-09-01.","interior, Japan, editorial, interior in Japan",Yes,No,No,Interior
IMG_20240426_173609_293.jpg,Interior in Japan,"Editorial use only. This image shows interior in Japan, taken on 2024-09-01.","interior, Japan, editorial, interior in Japan",Yes,No,No,Interior
IMG_20240426_182629_203.jpg,Interior in Japan,"Editorial use only. This image shows interior in Japan, taken on 2024-09-01.","interior, Japan, editorial, interior in Japan",Yes,No,No,Interior
IMG_20240427_080636_489.jpg,Interior in Japan,"Editorial use only. This image shows interior in Japan, taken on 2024-09-01.","interior, Japan, editorial, interior in Japan",Yes,No,No,Interior
IMG_2404.HEIC.jpg,Interior in Japan,"Editorial use only. This image shows interior in Japan, taken on 2024-09-01.","interior, Japan, editorial, interior in Japan",Yes,No,No,Interior
IMG_2405.HEIC.jpg,Interior in Japan,"Editorial use only. This image shows interior in Japan, taken on 2024-09-01.","interior, Japan, editorial, interior in Japan",Yes,No,No,Interior
IMG_2789.HEIC.jpg,Interior in Japan,"Editorial use only. This image shows interior in Japan, taken on 2024-09-01.","interior, Japan, editorial, interior in Japan",Yes,No,No,Interior
IMG_2808.HEIC.jpg,Interior in Japan,"Editorial use only. This image shows interior in Japan, taken on 2024-09-01.","interior, Japan, editorial, interior in Japan",Yes,No,No,Interior
IMG_2809.HEIC.jpg,Interior in Japan,"Editorial use only. This image shows interior in Japan, taken on 2024-09-01.","interior, Japan, editorial, interior in Japan",Yes,No,No,Interior
IMG_2810.HEIC.jpg,Interior in Japan,"Editorial use only. This image shows interior in Japan, taken on 2024-09-01.","interior, Japan, editorial, interior in Japan",Yes,No,No,Interior
IMG_3247.HEIC.jpg,Interior in Japan,"Editorial use only. This image shows interior in Japan, taken on 2024-09-01.","interior, Japan, editorial, interior in Japan",Yes,No,No,Interior
PXL_20240818_031938085.jpg,Interior in Japan,"Editorial use only. This image shows interior in Japan, taken on 2024-09-01.","interior, Japan, editorial, interior in Japan",Yes,No,No,Interior
PXL_20240818_031953683.jpg,Interior in Japan,"Editorial use only. This image shows interior in Japan, taken on 2024-09-01.","interior, Japan, editorial, interior in Japan",Yes,No,No,Interior
PXL_20240824_233101752.MP.jpg,Interior in Japan,"Editorial use only. This image shows interior in Japan, taken on 2024-09-01.","interior, Japan, editorial, interior in Japan",Yes,No,No,Interior
PXL_20240824_233104071.MP.jpg,Interior in Japan,"Editorial use only. This image shows interior in Japan, taken on 2024-09-01.","interior, Japan, editorial, interior in Japan",Yes,No,No,Interior
PXL_20240824_233105198.MP.jpg,Interior in Japan,"Editorial use only. This image shows interior in Japan, taken on 2024-09-01.","interior, Japan, editorial, interior in Japan",Yes,No,No,Interior
PXL_20240824_233144669.MP.jpg,Interior in Japan,"Editorial use only. This image shows interior in Japan, taken on 2024-09-01.","interior, Japan, editorial, interior in Japan",Yes,No,No,Interior
PXL_20240825_002657170.jpg,Interior in Japan,"Editorial use only. This image shows interior in Japan, taken on 2024-09-01.","interior, Japan, editorial, interior in Japan",Yes,No,No,Interior
IMG_0631.HEIC.jpg,Jellyfish in Japan,"Editorial use only. This image shows jellyfish in Japan, taken on 2024-09-01.","jellyfish, Japan, editorial, jellyfish in Japan",Yes,No,No,Animal
IMG_0632.HEIC.jpg,Jellyfish in Japan,"Editorial use only. This image shows jellyfish in Japan, taken on 2024-09-01.","jellyfish, Japan, editorial, jellyfish in Japan",Yes,No,No,Animal
IMG_0633.HEIC.jpg,Jellyfish in Japan,"Editorial use only. This image shows jellyfish in Japan, taken on 2024-09-01.","jellyfish, Japan, editorial, jellyfish in Japan",Yes,No,No,Animal
IMG_0636.HEIC.jpg,Jellyfish in Japan,"Editorial use only. This image shows jellyfish in Japan, taken on 2024-09-01.","jellyfish, Japan, editorial, jellyfish in Japan",Yes,No,No,Animal
IMG_0637.HEIC.jpg,Jellyfish in Japan,"Editorial use only. This image shows jellyfish in Japan, taken on 2024-09-01.","jellyfish, Japan, editorial, jellyfish in Japan",Yes,No,No,Animal
IMG_0638.HEIC.jpg,Jellyfish in Japan,"Editorial use only. This image shows jellyfish in Japan, taken on 2024-09-01.","jellyfish, Japan, editorial, jellyfish in Japan",Yes,No,No,Animal
IMG_0639.HEIC.jpg,Jellyfish in Japan,"Editorial use only. This image shows jellyfish in Japan, taken on 2024-09-01.","jellyfish, Japan, editorial, jellyfish in Japan",Yes,No,No,Animal
IMG_0683.HEIC.jpg,Jellyfish in Japan,"Editorial use only. This image shows jellyfish in Japan, taken on 2024-09-01.","jellyfish, Japan, editorial, jellyfish in Japan",Yes,No,No,Animal
IMG_0684.HEIC.jpg,Jellyfish in Japan,"Editorial use only. This image shows jellyfish in Japan, taken on 2024-09-01.","jellyfish, Japan, editorial, jellyfish in Japan",Yes,No,No,Animal
IMG_0685.HEIC.jpg,Jellyfish in Japan,"Editorial use only. This image shows jellyfish in Japan, taken on 2024-09-01.","jellyfish, Japan, editorial, jellyfish in Japan",Yes,No,No,Animal
IMG_0686.HEIC.jpg,Jellyfish in Japan,"Editorial use only. This image shows jellyfish in Japan, taken on 2024-09-01.","jellyfish, Japan, editorial, jellyfish in Japan",Yes,No,No,Animal
IMG_0687.HEIC.jpg,Jellyfish in Japan,"Editorial use only. This image shows jellyfish in Japan, taken on 2024-09-01.","jellyfish, Japan, editorial, jellyfish in Japan",Yes,No,No,Animal
IMG_0688.HEIC.jpg,Jellyfish in Japan,"Editorial use only. This image shows jellyfish in Japan, taken on 2024-09-01.","jellyfish, Japan, editorial, jellyfish in Japan",Yes,No,No,Animal
IMG_0689.HEIC.jpg,Jellyfish in Japan,"Editorial use only. This image shows jellyfish in Japan, taken on 2024-09-01.","jellyfish, Japan, editorial, jellyfish in Japan",Yes,No,No,Animal
IMG_0690.HEIC.jpg,Jellyfish in Japan,"Editorial use only. This image shows jellyfish in Japan, taken on 2024-09-01.","jellyfish, Japan, editorial, jellyfish in Japan",Yes,No,No,Animal
IMG_0691.HEIC.jpg,Jellyfish in Japan,"Editorial use only. This image shows jellyfish in Japan, taken on 2024-09-01.","jellyfish, Japan, editorial, jellyfish in Japan",Yes,No,No,Animal
IMG_1988.HEIC.jpg,Jellyfish in Japan,"Editorial use only. This image shows jellyfish in Japan, taken on 2024-09-01.","jellyfish, Japan, editorial, jellyfish in Japan",Yes,No,No,Animal
IMG_2011.HEIC.jpg,Jellyfish in Japan,"Editorial use only. This image shows jellyfish in Japan, taken on 2024-09-01.","jellyfish, Japan, editorial, jellyfish in Japan",Yes,No,No,Animal
IMG_2012.HEIC.jpg,Jellyfish in Japan,"Editorial use only. This image shows jellyfish in Japan, taken on 2024-09-01.","jellyfish, Japan, editorial, jellyfish in Japan",Yes,No,No,Animal
48E624E9-0F22-4238-9313-07DA5C989470.jpg,Object in Japan,"Editorial use only. This image shows object in Japan, taken on 2024-09-01.","object, Japan, editorial, object in Japan",Yes,No,No,Object
EA1D3A2D-1294-4B4E-BF6F-6EEDEA36B3E4.jpg,Object in Japan,"Editorial use only. This image shows object in Japan, taken on 2024-09-01.","object, Japan, editorial, object in Japan",Yes,No,No,Object
IMG-20240829-WA0002.jpg,Object in Japan,"Editorial use only. This image shows object in Japan, taken on 2024-09-01.","object, Japan, editorial, object in Japan",Yes,No,No,Object
IMG-20240831-WA0007.jpg,Object in Japan,"Editorial use only. This image shows object in Japan, taken on 2024-09-01.","object, Japan, editorial, object in Japan",Yes,No,No,Object
IMG-20240831-WA0008.jpg,Object in Japan,"Editorial use only. This image shows object in Japan, taken on 2024-09-01.","object, Japan, editorial, object in Japan",Yes,No,No,Object
IMG-20240831-WA0009.jpg,Object in Japan,"Editorial use only. This image shows object in Japan, taken on 2024-09-01.","object, Japan, editorial, object in Japan",Yes,No,No,Object
IMG-20240831-WA0010.jpg,Object in Japan,"Editorial use only. This image shows object in Japan, taken on 2024-09-01.","object, Japan, editorial, object in Japan",Yes,No,No,Object
IMG-20240831-WA0011.jpg,Object in Japan,"Editorial use only. This image shows object in Japan, taken on 2024-09-01.","object, Japan, editorial, object in Japan",Yes,No,No,Object
IMG-20240831-WA0013.jpg,Object in Japan,"Editorial use only. This image shows object in Japan, taken on 2024-09-01.","object, Japan, editorial, object in Japan",Yes,No,No,Object
IMG-20240831-WA0014.jpg,Object in Japan,"Editorial use only. This image shows object in Japan, taken on 2024-09-01.","object, Japan, editorial, object in Japan",Yes,No,No,Object
IMG-20240831-WA0015.jpg,Object in Japan,"Editorial use only. This image shows object in Japan, taken on 2024-09-01.","object, Japan, editorial, object in Japan",Yes,No,No,Object
IMG-20240831-WA0016.jpg,Object in Japan,"Editorial use only. This image shows object in Japan, taken on 2024-09-01.","object, Japan, editorial, object in Japan",Yes,No,No,Object
IMG-20240831-WA0017.jpg,Object in Japan,"Editorial use only. This image shows object in Japan, taken on 2024-09-01.","object, Japan, editorial, object in Japan",Yes,No,No,Object
IMG-20240831-WA0018.jpg,Object in Japan,"Editorial use only. This image shows object in Japan, taken on 2024-09-01.","object, Japan, editorial, object in Japan",Yes,No,No,Object
IMG-20240831-WA0020.jpg,Object in Japan,"Editorial use only. This image shows object in Japan, taken on 2024-09-01.","object, Japan, editorial, object in Japan",Yes,No,No,Object
IMG-20240831-WA0021.jpg,Object in Japan,"Editorial use only. This image shows object in Japan, taken on 2024-09-01.","object, Japan, editorial, object in Japan",Yes,No,No,Object
IMG-20240831-WA0022.jpg,Object in Japan,"Editorial use only. This image shows object in Japan, taken on 2024-09-01.","object, Japan, editorial, object in Japan",Yes,No,No,Object
IMG-20240831-WA0023.jpg,Object in Japan,"Editorial use only. This image shows object in Japan, taken on 2024-09-01.","object, Japan, editorial, object in Japan",Yes,No,No,Object
IMG_0521.HEIC.jpg,Object in Japan,"Editorial use only. This image shows object in Japan, taken on 2024-09-01.","object, Japan, editorial, object in Japan",Yes,No,No,Object
IMG_1289.HEIC.jpg,Object in Japan,"Editorial use only. This image shows object in Japan, taken on 2024-09-01.","object, Japan, editorial, object in Japan",Yes,No,No,Object
IMG_1921.HEIC.jpg,Object in Japan,"Editorial use only. This image shows object in Japan, taken on 2024-09-01.","object, Japan, editorial, object in Japan",Yes,No,No,Object
IMG_1922.HEIC.jpg,Object in Japan,"Editorial use only. This image shows object in Japan, taken on 2024-09-01.","object, Japan, editorial, object in Japan",Yes,No,No,Object
IMG_2086.HEIC.jpg,Object in Japan,"Editorial use only. This image shows object in Japan, taken on 2024-09-01.","object, Japan, editorial, object in Japan",Yes,No,No,Object
IMG_2087.HEIC.jpg,Object in Japan,"Editorial use only. This image shows object in Japan, taken on 2024-09-01.","object, Japan, editorial, object in Japan",Yes,No,No,Object
IMG_2657.HEIC.jpg,Object in Japan,"Editorial use only. This image shows object in Japan, taken on 2024-09-01.","object, Japan, editorial, object in Japan",Yes,No,No,Object
IMG_2658.HEIC.jpg,Object in Japan,"Editorial use only. This image shows object in Japan, taken on 2024-09-01.","object, Japan, editorial, object in Japan",Yes,No,No,Object
IMG_2698.HEIC.jpg,Object in Japan,"Editorial use only. This image shows object in Japan, taken on 2024-09-01.","object, Japan, editorial, object in Japan",Yes,No,No,Object
IMG_2723.HEIC.jpg,Object in Japan,"Editorial use only. This image shows object in Japan, taken on 2024-09-01.","object, Japan, editorial, object in Japan",Yes,No,No,Object
PXL_20240818_101733953.jpg,Object in Japan,"Editorial use only. This image shows object in Japan, taken on 2024-09-01.","object, Japan, editorial, object in Japan",Yes,No,No,Object
PXL_20240818_101921924.jpg,Object in Japan,"Editorial use only. This image shows object in Japan, taken on 2024-09-01.","object, Japan, editorial, object in Japan",Yes,No,No,Object
PXL_20240818_101934901.jpg,Object in Japan,"Editorial use only. This image shows object in Japan, taken on 2024-09-01.","object, Japan, editorial, object in Japan",Yes,No,No,Object
PXL_20240818_101946053.jpg,Object in Japan,"Editorial use only. This image shows object in Japan, taken on 2024-09-01.","object, Japan, editorial, object in Japan",Yes,No,No,Object
PXL_20240818_101951433.jpg,Object in Japan,"Editorial use only. This image shows object in Japan, taken on 2024-09-01.","object, Japan, editorial, object in Japan",Yes,No,No,Object
PXL_20240818_101956943.jpg,Object in Japan,"Editorial use only. This image shows object in Japan, taken on 2024-09-01.","object, Japan, editorial, object in Japan",Yes,No,No,Object
PXL_20240818_102001393.jpg,Object in Japan,"Editorial use only. This image shows object in Japan, taken on 2024-09-01.","object, Japan, editorial, object in Japan",Yes,No,No,Object
PXL_20240819_071502155.MP.jpg,Object in Japan,"Editorial use only. This image shows object in Japan, taken on 2024-09-01.","object, Japan, editorial, object in Japan",Yes,No,No,Object
PXL_20240819_075616790.MP.jpg,Object in Japan,"Editorial use only. This image shows object in Japan, taken on 2024-09-01.","object, Japan, editorial, object in Japan",Yes,No,No,Object
PXL_20240819_083404857.MP.jpg,Object in Japan,"Editorial use only. This image shows object in Japan, taken on 2024-09-01.","object, Japan, editorial, object in Japan",Yes,No,No,Object
PXL_20240824_040950112.MP.jpg,Object in Japan,"Editorial use only. This image shows object in Japan, taken on 2024-09-01.","object, Japan, editorial, object in Japan",Yes,No,No,Object
PXL_20240824_040954204.PORTRAIT.ORIGINAL.jpg,Object in Japan,"Editorial use only. This image shows object in Japan, taken on 2024-09-01.","object, Japan, editorial, object in Japan",Yes,No,No,Object
PXL_20240824_040957130.PORTRAIT.ORIGINAL.jpg,Object in Japan,"Editorial use only. This image shows object in Japan, taken on 2024-09-01.","object, Japan, editorial, object in Japan",Yes,No,No,Object
PXL_20240826_090353645.jpg,Object in Japan,"Editorial use only. This image shows object in Japan, taken on 2024-09-01.","object, Japan, editorial, object in Japan",Yes,No,No,Object
PXL_20240826_090356759.jpg,Object in Japan,"Editorial use only. This image shows object in Japan, taken on 2024-09-01.","object, Japan, editorial, object in Japan",Yes,No,No,Object
PXL_20240826_090539824.jpg,Object in Japan,"Editorial use only. This image shows object in Japan, taken on 2024-09-01.","object, Japan, editorial, object in Japan",Yes,No,No,Object
PXL_20240826_090543270.jpg,Object in Japan,"Editorial use only. This image shows object in Japan, taken on 2024-09-01.","object, Japan, editorial, object in Japan",Yes,No,No,Object
PXL_20240826_090700606.MP.jpg,Object in Japan,"Editorial use only. This image shows object in Japan, taken on 2024-09-01.","object, Japan, editorial, object in Japan",Yes,No,No,Object
PXL_20240826_090703633.MP.jpg,Object in Japan,"Editorial use only. This image shows object in Japan, taken on 2024-09-01.","object, Japan, editorial, object in Japan",Yes,No,No,Object
PXL_20240826_090940690.MP.jpg,Object in Japan,"Editorial use only. This image shows object in Japan, taken on 2024-09-01.","object, Japan, editorial, object in Japan",Yes,No,No,Object
PXL_20240826_090944749.MP.jpg,Object in Japan,"Editorial use only. This image shows object in Japan, taken on 2024-09-01.","object, Japan, editorial, object in Japan",Yes,No,No,Object
PXL_20240829_015604990.MP.jpg,Object in Japan,"Editorial use only. This image shows object in Japan, taken on 2024-09-01.","object, Japan, editorial, object in Japan",Yes,No,No,Object
PXL_20240829_015627898.MP.jpg,Object in Japan,"Editorial use only. This image shows object in Japan, taken on 2024-09-01.","object, Japan, editorial, object in Japan",Yes,No,No,Object
PXL_20240829_015703517.MP.jpg,Object in Japan,"Editorial use only. This image shows object in Japan, taken on 2024-09-01.","object, Japan, editorial, object in Japan",Yes,No,No,Object
PXL_20240829_015709411.MP.jpg,Object in Japan,"Editorial use only. This image shows object in Japan, taken on 2024-09-01.","object, Japan, editorial, object in Japan",Yes,No,No,Object
PXL_20240829_015717553.MP.jpg,Object in Japan,"Editorial use only. This image shows object in Japan, taken on 2024-09-01.","object, Japan, editorial, object in Japan",Yes,No,No,Object
IMG_0287.HEIC.jpg,Panda in Japan,"Editorial use only. This image shows panda in Japan, taken on 2024-09-01.","panda, Japan, editorial, panda in Japan",Yes,No,No,Animal
IMG_0851.HEIC.jpg,Penguin in Japan,"Editorial use only. This image shows penguin in Japan, taken on 2024-09-01.","penguin, Japan, editorial, penguin in Japan",Yes,No,No,Animal
IMG_0852.HEIC.jpg,Penguin in Japan,"Editorial use only. This image shows penguin in Japan, taken on 2024-09-01.","penguin, Japan, editorial, penguin in Japan",Yes,No,No,Animal
IMG_0853.HEIC.jpg,Penguin in Japan,"Editorial use only. This image shows penguin in Japan, taken on 2024-09-01.","penguin, Japan, editorial, penguin in Japan",Yes,No,No,Animal
PXL_20240824_230418754.MP.jpg,Plane in Japan,"Editorial use only. This image shows plane in Japan, taken on 2024-09-01.","plane, Japan, editorial, plane in Japan",Yes,No,No,Transportation
PXL_20240824_230423785.PORTRAIT.ORIGINAL.jpg,Plane in Japan,"Editorial use only. This image shows plane in Japan, taken on 2024-09-01.","plane, Japan, editorial, plane in Japan",Yes,No,No,Transportation
PXL_20240825_033240920.MP.jpg,Plant in Japan,"Editorial use only. This image shows plant in Japan, taken on 2024-09-01.","plant, Japan, editorial, plant in Japan",Yes,No,No,Nature
PXL_20240825_033352126.MP.jpg,Plant in Japan,"Editorial use only. This image shows plant in Japan, taken on 2024-09-01.","plant, Japan, editorial, plant in Japan",Yes,No,No,Nature
PXL_20240825_033354549.MP.jpg,Plant in Japan,"Editorial use only. This image shows plant in Japan, taken on 2024-09-01.","plant, Japan, editorial, plant in Japan",Yes,No,No,Nature
PXL_20240825_040008126.MP.jpg,Plant in Japan,"Editorial use only. This image shows plant in Japan, taken on 2024-09-01.","plant, Japan, editorial, plant in Japan",Yes,No,No,Nature
PXL_20240825_040014012.MP.jpg,Plant in Japan,"Editorial use only. This image shows plant in Japan, taken on 2024-09-01.","plant, Japan, editorial, plant in Japan",Yes,No,No,Nature
PXL_20240826_091714987.MP.jpg,Plant in Japan,"Editorial use only. This image shows plant in Japan, taken on 2024-09-01.","plant, Japan, editorial, plant in Japan",Yes,No,No,Nature
PXL_20240826_091718025.MP.jpg,Plant in Japan,"Editorial use only. This image shows plant in Japan, taken on 2024-09-01.","plant, Japan, editorial, plant in Japan",Yes,No,No,Nature
PXL_20240828_085336198.MP.jpg,Plant in Japan,"Editorial use only. This image shows plant in Japan, taken on 2024-09-01.","plant, Japan, editorial, plant in Japan",Yes,No,No,Nature
PXL_20240828_085338183.jpg,Plant in Japan,"Editorial use only. This image shows plant in Japan, taken on 2024-09-01.","plant, Japan, editorial, plant in Japan",Yes,No,No,Nature
PXL_20240830_233540453.jpg,Plant in Japan,"Editorial use only. This image shows plant in Japan, taken on 2024-09-01.","plant, Japan, editorial, plant in Japan",Yes,No,No,Nature
PXL_20240830_233550341.MP.jpg,Plant in Japan,"Editorial use only. This image shows plant in Japan, taken on 2024-09-01.","plant, Japan, editorial, plant in Japan",Yes,No,No,Nature
PXL_20240830_235026566.MP.jpg,Plant in Japan,"Editorial use only. This image shows plant in Japan, taken on 2024-09-01.","plant, Japan, editorial, plant in Japan",Yes,No,No,Nature
IMG_0002.HEIC.jpg,Sign in Japan,"Editorial use only. This image shows sign in Japan, taken on 2024-09-01.","sign, Japan, editorial, sign in Japan",Yes,No,No,Signs
IMG_0015.HEIC.jpg,Sign in Japan,"Editorial use only. This image shows sign in Japan, taken on 2024-09-01.","sign, Japan, editorial, sign in Japan",Yes,No,No,Signs
PXL_20240818_031614336.LONG_EXPOSURE-01.COVER.jpg,Sign in Japan,"Editorial use only. This image shows sign in Japan, taken on 2024-09-01.","sign, Japan, editorial, sign in Japan",Yes,No,No,Signs
PXL_20240825_033258071.MP.jpg,Sign in Japan,"Editorial use only. This image shows sign in Japan, taken on 2024-09-01.","sign, Japan, editorial, sign in Japan",Yes,No,No,Signs
PXL_20240825_033317603.MP.jpg,Sign in Japan,"Editorial use only. This image shows sign in Japan, taken on 2024-09-01.","sign, Japan, editorial, sign in Japan",Yes,No,No,Signs
PXL_20240826_091726953.MP.jpg,Sign in Japan,"Editorial use only. This image shows sign in Japan, taken on 2024-09-01.","sign, Japan, editorial, sign in Japan",Yes,No,No,Signs
IMG_0188.HEIC.jpg,Stairs in Japan,"Editorial use only. This image shows stairs in Japan, taken on 2024-09-01.","stairs, Japan, editorial, stairs in Japan",Yes,No,No,Interiors
PXL_20240824_040855604.MP.jpg,Stairs in Japan,"Editorial use only. This image shows stairs in Japan, taken on 2024-09-01.","stairs, Japan, editorial, stairs in Japan",Yes,No,No,Interiors
PXL_20240824_040900272.MP.jpg,Stairs in Japan,"Editorial use only. This image shows stairs in Japan, taken on 2024-09-01.","stairs, Japan, editorial, stairs in Japan",Yes,No,No,Interiors
PXL_20240824_040913013.MP.jpg,Stairs in Japan,"Editorial use only. This image shows stairs in Japan, taken on 2024-09-01.","stairs, Japan, editorial, stairs in Japan",Yes,No,No,Interiors
PXL_20240824_233314975.MP.jpg,Stairs in Japan,"Editorial use only. This image shows stairs in Japan, taken on 2024-09-01.","stairs, Japan, editorial, stairs in Japan",Yes,No,No,Interiors
PXL_20240824_233316009.MP.jpg,Stairs in Japan,"Editorial use only. This image shows stairs in Japan, taken on 2024-09-01.","stairs, Japan, editorial, stairs in Japan",Yes,No,No,Interiors
IMG_0177.HEIC.jpg,Street in Japan,"Editorial use only. This image shows street in Japan, taken on 2024-09-01.","street, Japan, editorial, street in Japan",Yes,No,No,Parks/Outdoor
IMG_0190.HEIC.jpg,Street in Japan,"Editorial use only. This image shows street in Japan, taken on 2024-09-01.","street, Japan, editorial, street in Japan",Yes,No,No,Parks/Outdoor
IMG_0397.HEIC.jpg,Street in Japan,"Editorial use only. This image shows street in Japan, taken on 2024-09-01.","street, Japan, editorial, street in Japan",Yes,No,No,Parks/Outdoor
IMG_0877.HEIC.jpg,Street in Japan,"Editorial use only. This image shows street in Japan, taken on 2024-09-01.","street, Japan, editorial, street in Japan",Yes,No,No,Parks/Outdoor
IMG_0878.HEIC.jpg,Street in Japan,"Editorial use only. This image shows street in Japan, taken on 2024-09-01.","street, Japan, editorial, street in Japan",Yes,No,No,Parks/Outdoor
IMG_0884.HEIC.jpg,Street in Japan,"Editorial use only. This image shows street in Japan, taken on 2024-09-01.","street, Japan, editorial, street in Japan",Yes,No,No,Parks/Outdoor
IMG_0942.HEIC.jpg,Street in Japan,"Editorial use only. This image shows street in Japan, taken on 2024-09-01.","street, Japan, editorial, street in Japan",Yes,No,No,Parks/Outdoor
IMG_0978.HEIC.jpg,Street in Japan,"Editorial use only. This image shows street in Japan, taken on 2024-09-01.","street, Japan, editorial, street in Japan",Yes,No,No,Parks/Outdoor
IMG_0979.HEIC.jpg,Street in Japan,"Editorial use only. This image shows street in Japan, taken on 2024-09-01.","street, Japan, editorial, street in Japan",Yes,No,No,Parks/Outdoor
IMG_0980.HEIC.jpg,Street in Japan,"Editorial use only. This image shows street in Japan, taken on 2024-09-01.","street, Japan, editorial, street in Japan",Yes,No,No,Parks/Outdoor
IMG_0981.HEIC.jpg,Street in Japan,"Editorial use only. This image shows street in Japan, taken on 2024-09-01.","street, Japan, editorial, street in Japan",Yes,No,No,Parks/Outdoor
IMG_0982.HEIC.jpg,Street in Japan,"Editorial use only. This image shows street in Japan, taken on 2024-09-01.","street, Japan, editorial, street in Japan",Yes,No,No,Parks/Outdoor
IMG_1141.HEIC.jpg,Street in Japan,"Editorial use only. This image shows street in Japan, taken on 2024-09-01.","street, Japan, editorial, street in Japan",Yes,No,No,Parks/Outdoor
IMG_1290.HEIC.jpg,Street in Japan,"Editorial use only. This image shows street in Japan, taken on 2024-09-01.","street, Japan, editorial, street in Japan",Yes,No,No,Parks/Outdoor
IMG_1291.HEIC.jpg,Street in Japan,"Editorial use only. This image shows street in Japan, taken on 2024-09-01.","street, Japan, editorial, street in Japan",Yes,No,No,Parks/Outdoor
IMG_1543.HEIC.jpg,Street in Japan,"Editorial use only. This image shows street in Japan, taken on 2024-09-01.","street, Japan, editorial, street in Japan",Yes,No,No,Parks/Outdoor
IMG_1550.HEIC.jpg,Street in Japan,"Editorial use only. This image shows street in Japan, taken on 2024-09-01.","street, Japan, editorial, street in Japan",Yes,No,No,Parks/Outdoor
IMG_1551.HEIC.jpg,Street in Japan,"Editorial use only. This image shows street in Japan, taken on 2024-09-01.","street, Japan, editorial, street in Japan",Yes,No,No,Parks/Outdoor
IMG_1554.HEIC.jpg,Street in Japan,"Editorial use only. This image shows street in Japan, taken on 2024-09-01.","street, Japan, editorial, street in Japan",Yes,No,No,Parks/Outdoor
IMG_1555.HEIC.jpg,Street in Japan,"Editorial use only. This image shows street in Japan, taken on 2024-09-01.","street, Japan, editorial, street in Japan",Yes,No,No,Parks/Outdoor
IMG_1556.HEIC.jpg,Street in Japan,"Editorial use only. This image shows street in Japan, taken on 2024-09-01.","street, Japan, editorial, street in Japan",Yes,No,No,Parks/Outdoor
IMG_1684.HEIC.jpg,Street in Japan,"Editorial use only. This image shows street in Japan, taken on 2024-09-01.","street, Japan, editorial, street in Japan",Yes,No,No,Parks/Outdoor
IMG_1691.HEIC.jpg,Street in Japan,"Editorial use only. This image shows street in Japan, taken on 2024-09-01.","street, Japan, editorial, street in Japan",Yes,No,No,Parks/Outdoor
IMG_1692.HEIC.jpg,Street in Japan,"Editorial use only. This image shows street in Japan, taken on 2024-09-01.","street, Japan, editorial, street in Japan",Yes,No,No,Parks/Outdoor
IMG_1693.HEIC.jpg,Street in Japan,"Editorial use only. This image shows street in Japan, taken on 2024-09-01.","street, Japan, editorial, street in Japan",Yes,No,No,Parks/Outdoor
IMG_1697.HEIC.jpg,Street in Japan,"Editorial use only. This image shows street in Japan, taken on 2024-09-01.","street, Japan, editorial, street in Japan",Yes,No,No,Parks/Outdoor
IMG_1699.HEIC.jpg,Street in Japan,"Editorial use only. This image shows street in Japan, taken on 2024-09-01.","street, Japan, editorial, street in Japan",Yes,No,No,Parks/Outdoor
IMG_1700.HEIC.jpg,Street in Japan,"Editorial use only. This image shows street in Japan, taken on 2024-09-01.","street, Japan, editorial, street in Japan",Yes,No,No,Parks/Outdoor
IMG_1701.HEIC.jpg,Street in Japan,"Editorial use only. This image shows street in Japan, taken on 2024-09-01.","street, Japan, editorial, street in Japan",Yes,No,No,Parks/Outdoor
IMG_1702.HEIC.jpg,Street in Japan,"Editorial use only. This image shows street in Japan, taken on 2024-09-01.","street, Japan, editorial, street in Japan",Yes,No,No,Parks/Outdoor
IMG_1703.HEIC.jpg,Street in Japan,"Editorial use only. This image shows street in Japan, taken on 2024-09-01.","street, Japan, editorial, street in Japan",Yes,No,No,Parks/Outdoor
IMG_1732.HEIC.jpg,Street in Japan,"Editorial use only. This image shows street in Japan, taken on 2024-09-01.","street, Japan, editorial, street in Japan",Yes,No,No,Parks/Outdoor
IMG_1766.HEIC.jpg,Street in Japan,"Editorial use only. This image shows street in Japan, taken on 2024-09-01.","street, Japan, editorial, street in Japan",Yes,No,No,Parks/Outdoor
IMG_1853.HEIC.jpg,Street in Japan,"Editorial use only. This image shows street in Japan, taken on 2024-09-01.","street, Japan, editorial, street in Japan",Yes,No,No,Parks/Outdoor
IMG_1864.HEIC.jpg,Street in Japan,"Editorial use only. This image shows street in Japan, taken on 2024-09-01.","street, Japan, editorial, street in Japan",Yes,No,No,Parks/Outdoor
IMG_1867.HEIC.jpg,Street in Japan,"Editorial use only. This image shows street in Japan, taken on 2024-09-01.","street, Japan, editorial, street in Japan",Yes,No,No,Parks/Outdoor
IMG_1868.HEIC.jpg,Street in Japan,"Editorial use only. This image shows street in Japan, taken on 2024-09-01.","street, Japan, editorial, street in Japan",Yes,No,No,Parks/Outdoor
IMG_1879.HEIC.jpg,Street in Japan,"Editorial use only. This image shows street in Japan, taken on 2024-09-01.","street, Japan, editorial, street in Japan",Yes,No,No,Parks/Outdoor
IMG_1933.HEIC.jpg,Street in Japan,"Editorial use only. This image shows street in Japan, taken on 2024-09-01.","street, Japan, editorial, street in Japan",Yes,No,No,Parks/Outdoor
IMG_1934.HEIC.jpg,Street in Japan,"Editorial use only. This image shows street in Japan, taken on 2024-09-01.","street, Japan, editorial, street in Japan",Yes,No,No,Parks/Outdoor
IMG_1935.HEIC.jpg,Street in Japan,"Editorial use only. This image shows street in Japan, taken on 2024-09-01.","street, Japan, editorial, street in Japan",Yes,No,No,Parks/Outdoor
IMG_1936.HEIC.jpg,Street in Japan,"Editorial use only. This image shows street in Japan, taken on 2024-09-01.","street, Japan, editorial, street in Japan",Yes,No,No,Parks/Outdoor
IMG_20240406_104543.jpg,Street in Japan,"Editorial use only. This image shows street in Japan, taken on 2024-09-01.","street, Japan, editorial, street in Japan",Yes,No,No,Parks/Outdoor
IMG_2080.HEIC.jpg,Street in Japan,"Editorial use only. This image shows street in Japan, taken on 2024-09-01.","street, Japan, editorial, street in Japan",Yes,No,No,Parks/Outdoor
IMG_2081.HEIC.jpg,Street in Japan,"Editorial use only. This image shows street in Japan, taken on 2024-09-01.","street, Japan, editorial, street in Japan",Yes,No,No,Parks/Outdoor
IMG_2082.HEIC.jpg,Street in Japan,"Editorial use only. This image shows street in Japan, taken on 2024-09-01.","street, Japan, editorial, street in Japan",Yes,No,No,Parks/Outdoor
IMG_2083.HEIC.jpg,Street in Japan,"Editorial use only. This image shows street in Japan, taken on 2024-09-01.","street, Japan, editorial, street in Japan",Yes,No,No,Parks/Outdoor
IMG_2084.HEIC.jpg,Street in Japan,"Editorial use only. This image shows street in Japan, taken on 2024-09-01.","street, Japan, editorial, street in Japan",Yes,No,No,Parks/Outdoor
IMG_2085.HEIC.jpg,Street in Japan,"Editorial use only. This image shows street in Japan, taken on 2024-09-01.","street, Japan, editorial, street in Japan",Yes,No,No,Parks/Outdoor
IMG_2665.HEIC.jpg,Street in Japan,"Editorial use only. This image shows street in Japan, taken on 2024-09-01.","street, Japan, editorial, street in Japan",Yes,No,No,Parks/Outdoor
IMG_2666.HEIC.jpg,Street in Japan,"Editorial use only. This image shows street in Japan, taken on 2024-09-01.","street, Japan, editorial, street in Japan",Yes,No,No,Parks/Outdoor
IMG_2685.HEIC.jpg,Street in Japan,"Editorial use only. This image shows street in Japan, taken on 2024-09-01.","street, Japan, editorial, street in Japan",Yes,No,No,Parks/Outdoor
IMG_2686.HEIC.jpg,Street in Japan,"Editorial use only. This image shows street in Japan, taken on 2024-09-01.","street, Japan, editorial, street in Japan",Yes,No,No,Parks/Outdoor
IMG_2687.HEIC.jpg,Street in Japan,"Editorial use only. This image shows street in Japan, taken on 2024-09-01.","street, Japan, editorial, street in Japan",Yes,No,No,Parks/Outdoor
IMG_2688.HEIC.jpg,Street in Japan,"Editorial use only. This image shows street in Japan, taken on 2024-09-01.","street, Japan, editorial, street in Japan",Yes,No,No,Parks/Outdoor
IMG_2689.HEIC.jpg,Street in Japan,"Editorial use only. This image shows street in Japan, taken on 2024-09-01.","street, Japan, editorial, street in Japan",Yes,No,No,Parks/Outdoor
IMG_2690.HEIC.jpg,Street in Japan,"Editorial use only. This image shows street in Japan, taken on 2024-09-01.","street, Japan, editorial, street in Japan",Yes,No,No,Parks/Outdoor
IMG_3950.HEIC.jpg,Street in Japan,"Editorial use only. This image shows street in Japan, taken on 2024-09-01.","street, Japan, editorial, street in Japan",Yes,No,No,Parks/Outdoor
IMG_3951.HEIC.jpg,Street in Japan,"Editorial use only. This image shows street in Japan, taken on 2024-09-01.","street, Japan, editorial, street in Japan",Yes,No,No,Parks/Outdoor
IMG_3952.HEIC.jpg,Street in Japan,"Editorial use only. This image shows street in Japan, taken on 2024-09-01.","street, Japan, editorial, street in Japan",Yes,No,No,Parks/Outdoor
PXL_20240818_030912712.MP.jpg,Street in Japan,"Editorial use only. This image shows street in Japan, taken on 2024-09-01.","street, Japan, editorial, street in Japan",Yes,No,No,Parks/Outdoor
PXL_20240818_032744652.MP.jpg,Street in Japan,"Editorial use only. This image shows street in Japan, taken on 2024-09-01.","street, Japan, editorial, street in Japan",Yes,No,No,Parks/Outdoor
PXL_20240818_032757540.jpg,Street in Japan,"Editorial use only. This image shows street in Japan, taken on 2024-09-01.","street, Japan, editorial, street in Japan",Yes,No,No,Parks/Outdoor
PXL_20240818_032801504.jpg,Street in Japan,"Editorial use only. This image shows street in Japan, taken on 2024-09-01.","street, Japan, editorial, street in Japan",Yes,No,No,Parks/Outdoor
PXL_20240818_033145282.MP.jpg,Street in Japan,"Editorial use only. This image shows street in Japan, taken on 2024-09-01.","street, Japan, editorial, street in Japan",Yes,No,No,Parks/Outdoor
PXL_20240818_033856952.jpg,Street in Japan,"Editorial use only. This image shows street in Japan, taken on 2024-09-01.","street, Japan, editorial, street in Japan",Yes,No,No,Parks/Outdoor
PXL_20240818_044628052.MP.jpg,Street in Japan,"Editorial use only. This image shows street in Japan, taken on 2024-09-01.","street, Japan, editorial, street in Japan",Yes,No,No,Parks/Outdoor
PXL_20240819_231221381.MP.jpg,Street in Japan,"Editorial use only. This image shows street in Japan, taken on 2024-09-01.","street, Japan, editorial, street in Japan",Yes,No,No,Parks/Outdoor
PXL_20240824_051725844.jpg,Street in Japan,"Editorial use only. This image shows street in Japan, taken on 2024-09-01.","street, Japan, editorial, street in Japan",Yes,No,No,Parks/Outdoor
PXL_20240824_051949356.jpg,Street in Japan,"Editorial use only. This image shows street in Japan, taken on 2024-09-01.","street, Japan, editorial, street in Japan",Yes,No,No,Parks/Outdoor
PXL_20240824_081003534.MP.jpg,Street in Japan,"Editorial use only. This image shows street in Japan, taken on 2024-09-01.","street, Japan, editorial, street in Japan",Yes,No,No,Parks/Outdoor
PXL_20240824_081006173.MP.jpg,Street in Japan,"Editorial use only. This image shows street in Japan, taken on 2024-09-01.","street, Japan, editorial, street in Japan",Yes,No,No,Parks/Outdoor
PXL_20240824_081007486.MP.jpg,Street in Japan,"Editorial use only. This image shows street in Japan, taken on 2024-09-01.","street, Japan, editorial, street in Japan",Yes,No,No,Parks/Outdoor
PXL_20240824_083503705.MP.jpg,Street in Japan,"Editorial use only. This image shows street in Japan, taken on 2024-09-01.","street, Japan, editorial, street in Japan",Yes,No,No,Parks/Outdoor
PXL_20240824_083507410.MP.jpg,Street in Japan,"Editorial use only. This image shows street in Japan, taken on 2024-09-01.","street, Japan, editorial, street in Japan",Yes,No,No,Parks/Outdoor
PXL_20240824_083519285.MP.jpg,Street in Japan,"Editorial use only. This image shows street in Japan, taken on 2024-09-01.","street, Japan, editorial, street in Japan",Yes,No,No,Parks/Outdoor
PXL_20240824_083523985.LONG_EXPOSURE-01.COVER.jpg,Street in Japan,"Editorial use only. This image shows street in Japan, taken on 2024-09-01.","street, Japan, editorial, street in Japan",Yes,No,No,Parks/Outdoor
PXL_20240824_083541055.LONG_EXPOSURE-01.COVER.jpg,Street in Japan,"Editorial use only. This image shows street in Japan, taken on 2024-09-01.","street, Japan, editorial, street in Japan",Yes,No,No,Parks/Outdoor
PXL_20240824_083549839.MP.jpg,Street in Japan,"Editorial use only. This image shows street in Japan, taken on 2024-09-01.","street, Japan, editorial, street in Japan",Yes,No,No,Parks/Outdoor
PXL_20240824_083552813.MP.jpg,Street in Japan,"Editorial use only. This image shows street in Japan, taken on 2024-09-01.","street, Japan, editorial, street in Japan",Yes,No,No,Parks/Outdoor
PXL_20240824_230446793.MP.jpg,Street in Japan,"Editorial use only. This image shows street in Japan, taken on 2024-09-01.","street, Japan, editorial, street in Japan",Yes,No,No,Parks/Outdoor
PXL_20240825_000157620.MP.jpg,Street in Japan,"Editorial use only. This image shows street in Japan, taken on 2024-09-01.","street, Japan, editorial, street in Japan",Yes,No,No,Parks/Outdoor
PXL_20240825_000159773.MP.jpg,Street in Japan,"Editorial use only. This image shows street in Japan, taken on 2024-09-01.","street, Japan, editorial, street in Japan",Yes,No,No,Parks/Outdoor
PXL_20240830_235028144.jpg,Street in Japan,"Editorial use only. This image shows street in Japan, taken on 2024-09-01.","street, Japan, editorial, street in Japan",Yes,No,No,Parks/Outdoor
PXL_20240830_235028834.jpg,Street in Japan,"Editorial use only. This image shows street in Japan, taken on 2024-09-01.","street, Japan, editorial, street in Japan",Yes,No,No,Parks/Outdoor
PXL_20240901_010556311.MP.jpg,Street in Japan,"Editorial use only. This image shows street in Japan, taken on 2024-09-01.","street, Japan, editorial, street in Japan",Yes,No,No,Parks/Outdoor
PXL_20240901_035412343.MP.jpg,Street in Japan,"Editorial use only. This image shows street in Japan, taken on 2024-09-01.","street, Japan, editorial, street in Japan",Yes,No,No,Parks/Outdoor
PXL_20240901_035417956.MP.jpg,Street in Japan,"Editorial use only. This image shows street in Japan, taken on 2024-09-01.","street, Japan, editorial, street in Japan",Yes,No,No,Parks/Outdoor
PXL_20240901_035422110.MP.jpg,Street in Japan,"Editorial use only. This image shows street in Japan, taken on 2024-09-01.","street, Japan, editorial, street in Japan",Yes,No,No,Parks/Outdoor
PXL_20240901_035431204.MP.jpg,Street in Japan,"Editorial use only. This image shows street in Japan, taken on 2024-09-01.","street, Japan, editorial, street in Japan",Yes,No,No,Parks/Outdoor
PXL_20240901_035433183.MP.jpg,Street in Japan,"Editorial use only. This image shows street in Japan, taken on 2024-09-01.","street, Japan, editorial, street in Japan",Yes,No,No,Parks/Outdoor
IMG_0336.HEIC.jpg,Turtle in Japan,"Editorial use only. This image shows turtle in Japan, taken on 2024-09-01.","turtle, Japan, editorial, turtle in Japan",Yes,No,No,Animals
IMG_0337.HEIC.jpg,Turtle in Japan,"Editorial use only. This image shows turtle in Japan, taken on 2024-09-01.","turtle, Japan, editorial, turtle in Japan",Yes,No,No,Animals
IMG_0338.HEIC.jpg,Turtle in Japan,"Editorial use only. This image shows turtle in Japan, taken on 2024-09-01.","turtle, Japan, editorial, turtle in Japan",Yes,No,No,Animals
